loan_id,borrower_id,country,branch,product,currency,principal,disbursed_at,term_months,interest_rate_pct,status,cbs_fx_rate,principal_usd_cbs,loan_officer
755597152,B4418060,ET,Addis Ababa,Individual,ETB,76900.00,2026-03-27T08:43:14Z,6,18,Active,137.87,557.77,LO-ET-030
822059710,B8080090,SS,Gorom,Individual,SSP,6420000,2026-06-12T08:53:06Z,9,20,Active,6047.4,1061.61,LO-SS-003
975126422,B5060948,SS,Juba,Individual,SSP,5360000,2026-06-05T12:32:26Z,9,18,ACTIVE,,,LO-SS-019
310284756,B5471196,RW,Mahama,Group,RWF,1895000,2026-03-17T07:10:18Z,9,24,active,1292.03,1466.68,LO-RW-022
357032655,B7025670,SS,Gorom,Group,SSP,6730000,2026-06-12T13:51:50Z,9,24,active,,,LO-SS-003
401566999,B6930157,KE,Dadaab,Emergency,KES,89500,2026-03-26T07:28:16Z,4,20,Closed,113.98,785.23,LO-KE-010
242826912,B6657852,ET,Addis Ababa,Individual,ETB,98200.00,2026-06-26T09:55:12Z,9,24,active,137.87,712.27,LO-ET-004
770203136,B5064192,KE,Kakuma,Individual,KES,208000,2026-03-20T06:13:27Z,9,18,ACTIVE,,,LO-KE-011
689222711,B6049679,ET,Addis Ababa,Individual,ETB,110700.00,2026-04-24T08:22:17Z,6,18,ACTIVE,163.52,676.98,LO-ET-024
705492689,B9203822,KE,Kalobeyei,Individual,KES,104500,2026-06-12T12:10:31Z,6,18,Active,130.75,799.24,LO-KE-019
357489472,B8891492,SS,Gorom,Emergency,SSP,630000,2026-04-28T14:09:21Z,4,24,active,0.000177,111.45,LO-SS-004
819921330,B3703886,SS,Juba,Individual,SSP,4390000,2026-06-03T08:16:05Z,12,20,Active,5893.2,744.93,LO-SS-016
955998891,B8864670,TD,N'Djamena,Emergency,XAF,395000,2026-03-06T11:14:06Z,3,18,ACTIVE,495.93,796.48,LO-TD-029
289249336,B8136601,KE,Kakuma,Emergency,KES,66500,2026-03-27T08:05:10Z,3,18,ACTIVE,113.98,583.44,LO-KE-011
143952701,B3162800,RW,Kigeme,Emergency,RWF,505000,2026-06-05T06:31:42Z,4,24,ACTIVE,,,LO-RW-021
737574500,B2117286,SS,Gorom,Group,SSP,3050000,2026-02-16T13:20:28Z,6,18,active,5089.3,599.30,LO-SS-016
534023535,B1957148,KE,Kakuma,Individual,KES,215000,2026-02-25T05:07:42Z,9,20,Active,,,LO-KE-015
486432343,B3179355,ET,Addis Ababa,Group,ETB,83100.00,2026-02-20T10:20:39Z,6,20,ACTIVE,,,LO-ET-013
995558978,B3271883,TD,N'Djamena,Emergency,XAF,245000,2026-01-14T10:38:41Z,4,24,Closed,495.93,494.02,LO-TD-004
280734513,B9897894,TD,N'Djamena,Group,XAF,555000,2026-01-07T07:09:45Z,9,24,Active,495.93,1119.11,LO-TD-025
157641660,B5742951,TD,N'Djamena,Emergency,XAF,415000,2026-01-02T13:47:53Z,3,20,ACTIVE,,,LO-TD-001
878534411,B5289358,SS,Gorom,Individual,SSP,5370000,2026-05-04T13:41:38Z,12,24,Closed (obligations met),5673.1,946.57,LO-SS-002
539001569,B5236067,SS,Juba,Individual,SSP,2160000,2026-04-03T12:12:46Z,9,24,Closed,5357.2,403.20,LO-SS-008
751772041,B2534502,ET,Jijiga,Individual,ETB,52900.00,2026-04-06T05:10:53Z,9,18,Closed (obligations met),137.87,383.69,LO-ET-002
240683726,B3995738,TD,Abéché,Individual,XAF,945000,2026-06-09T10:32:17Z,9,20,active,521.61,1811.70,LO-TD-012
796865011,B6928150,ET,Melkadida,Emergency,ETB,42600.00,2026-01-08T08:28:39Z,4,20,Active,,,LO-ET-012
492933837,B2467043,ET,Addis Ababa,Group,ETB,145300.00,2026-06-05T07:31:48Z,9,18,Active,137.87,1053.89,LO-ET-011
317367778,B2787522,SS,Gorom,Individual,SSP,5960000,2026-06-02T08:25:34Z,6,18,Closed (obligations met),,,LO-SS-019
578572682,B8159683,KE,Kakuma,Individual,KES,174500,2026-05-15T09:17:05Z,9,20,ACTIVE,129.77,1344.69,LO-KE-012
901694267,B4627499,RW,Kigali,Individual,RWF,"2,035,000",2026-06-10T10:48:16Z,9,24,Active,1292.03,1575.04,LO-RW-024
327316660,B1950461,KE,Kakuma,Emergency,Ksh,78000,2026-01-08T06:43:42Z,3,24,Active,113.98,684.33,LO-KE-007
417030080,B6058620,TD,Farchana,Group,XAF,475000,2026-01-19T11:59:38Z,6,24,Active,495.93,957.80,LO-TD-015
750976104,B8891492,SS,Gorom,Individual,SSP,7950000,2026-01-02T06:47:59Z,6,24,Active,0.000209,1664.22,LO-SS-017
422559057,B5050703,SS,Gorom,Individual,SSP,4920000,2026-04-29T07:18:51Z,9,20,Closed,3925.23,1253.43,LO-SS-022
378411322,B6483328,RW,Mahama,Individual,RWF,1045000,2026-05-15T14:26:10Z,6,18,Active,1292.03,808.80,LO-RW-014
697060166,B6036471,KE,Kalobeyei,Individual,KES,104000,2026-03-20T11:05:10Z,6,18,ACTIVE,113.98,912.44,LO-KE-030
744829152,B3995738,TD,Abéché,Group,XAF,1080000,2026-01-29T14:17:00Z,6,18,Closed (obligations met),0.001833,1980.13,LO-TD-019
198103161,B8607627,KE,Nairobi,Emergency,KES,82500,2026-03-10T11:14:43Z,4,24,Closed (obligations met),113.98,723.81,LO-KE-023
466874796,B3145397,KE,Kakuma,Group,KES,26500,2026-02-19T07:47:04Z,9,24,Active,,,LO-KE-003
170335166,B9720944,SS,Juba,Emergency,SSP,880000,2026-05-29T13:02:01Z,3,24,active,3925.23,224.19,LO-SS-026
245654881,B3681729,KE,Dadaab,Emergency,KES,77000,2026-04-10T05:06:56Z,3,24,ACTIVE,127.41,604.35,LO-KE-017
352251959,B7562012,ET,Addis Ababa,Group,ETB,51600.00,2026-06-19T12:32:06Z,9,18,ACTIVE,137.87,374.27,LO-ET-008
626347075,B6844270,RW,Mahama,Individual,RWF,1700000,2026-05-29T11:24:47Z,9,18,Closed (obligations met),,,LO-RW-020
618812839,B1742288,RW,Kigeme,Emergency,RWF,615000,2026-02-18T10:55:49Z,4,20,Closed (obligations met),1292.03,476.00,LO-RW-017
487194591,B7880901,KE,Dadaab,Individual,KES,132500,2026-05-15T10:44:08Z,6,18,Active,113.98,1162.48,LO-KE-017
611369980,B2790594,KE,Kakuma,Individual,KES,68000,2026-04-03T07:23:30Z,6,24,Closed,113.98,596.60,LO-KE-017
940297144,B5857414,TD,Farchana,Emergency,XAF,165000,2026-02-02T12:57:20Z,3,24,ACTIVE,495.93,332.71,LO-TD-019
668140577,B5338279,ET,Melkadida,Individual,ETB,22300.00,2026-01-01T09:45:57Z,9,20,Active,137.87,161.75,LO-ET-007
836275591,B5334124,TD,Abéché,Emergency,XAF,250000,2026-02-25T10:43:28Z,3,24,Active,495.93,504.10,LO-TD-030
222093104,B1162905,RW,Kigali,Individual,RWF,945000,2026-03-27T09:38:19Z,12,24,Closed (obligations met),1464.31,645.36,LO-RW-005
980323916,B1040647,TD,Farchana,Individual,XAF,445000,2026-04-02T11:35:40Z,12,18,Active,495.93,897.30,LO-TD-003
128979605,B2733908,KE,Dadaab,Group,KES,106500,2026-02-02T09:09:19Z,9,18,Active,113.98,934.37,LO-KE-024
235263978,B7181923,SS,Gorom,Individual,SSP,2240000,2026-05-08T14:07:08+02:00,6,24,Closed (obligations met),,,LO-SS-021
702697781,B6131492,TD,N'Djamena,Group,XAF,1035000,2026-04-28T10:12:52Z,6,20,Closed,495.93,2086.99,LO-TD-017
545218285,B5402812,KE,Nairobi,Individual,KSH,257000,2026-06-19T12:34:31+03:00,9,24,Active,130.79,1964.98,LO-KE-005
168929597,B6072650,KE,Nairobi,Group,KES,76000,2026-03-19T06:07:16Z,6,18,Closed,113.98,666.78,LO-KE-030
953217618,B5523634,KE,Dadaab,Individual,KES,116500,2026-04-10T13:17:47Z,6,24,Active,127.41,914.37,LO-KE-019
648821947,B2069422,ET,Addis Ababa,Emergency,ETB,23400.00,2026-04-20T13:56:10Z,4,20,Closed,,,LO-ET-026
348775058,B3781516,SS,Juba,Emergency,SSP,1630000,2026-05-05T07:16:28Z,3,20,Closed (obligations met),3925.23,415.26,LO-SS-023
417341422,B1359574,SS,Gorom,Group,SSP,2340000,2026-02-02T12:20:19Z,9,24,Closed,3925.23,596.14,LO-SS-018
454106515,B8346121,TD,Farchana,Emergency,XAF,290000,2026-06-03T12:08:40+01:00,4,24,active,,,LO-TD-015
689490288,B9810693,TD,Abéché,Emergency,XAF,305000,2026-01-22T09:54:47Z,3,24,Active,495.93,615.01,LO-TD-012
785496256,B2923855,TD,N'Djamena,Emergency,XAF,275000,2026-06-12T09:33:52Z,4,20,Active,495.93,554.51,LO-TD-025
303265542,B4388683,ET,Melkadida,Individual,ETB,25200.00,2026-05-29T12:26:50Z,12,24,Closed (obligations met),,,LO-ET-013
260746819,B1551155,ET,Jijiga,Group,ETB,127700.00,2026-01-16T09:23:12Z,6,20,active,137.87,926.23,LO-ET-028
447902452,B7140411,RW,Kigali,Individual,RWF,2005000,2026-01-01T12:43:32Z,6,24,Closed,,,LO-RW-026
313956641,B4005251,SS,Gorom,Emergency,SSP,1160000,2026-01-20T11:43:33Z,4,18,Active,4880.8,237.67,LO-SS-020
218327973,B2670127,KE,Nairobi,Emergency,KES,28000,2026-01-09T06:05:30Z,4,24,Active,,,LO-KE-007
418764137,B6445639,KE,Kalobeyei,Individual,KES,200000,2026-02-06T09:05:20Z,12,20,Active,113.98,1754.69,LO-KE-011
563311072,B9111749,ET,Jijiga,Individual,ETB,117000.00,2026-02-20T09:03:27Z,12,18,Active,137.87,848.63,LO-ET-027
601225530,B8136796,ET,Jijiga,Group,ETB,30300.00,2026-02-20T08:28:13Z,6,24,Active,137.87,219.77,LO-ET-022
365030222,B7670622,TD,N'Djamena,Individual,XAF,420000,2026-05-12T11:18:35Z,9,18,Active,495.93,846.89,LO-TD-022
970524937,B4145164,SS,Gorom,Individual,SSP,6300000,2026-02-06T12:24:43Z,9,18,Active,3925.23,1605.00,LO-SS-012
194448275,B2123242,SS,Gorom,Emergency,SSP,1540000,2026-04-20T12:39:48Z,3,24,Closed,3925.23,392.33,LO-SS-022
793553762,B2979613,TD,N'Djamena,Emergency,XAF,195000,2026-03-12T09:35:10Z,3,20,active,495.93,393.20,LO-TD-009
222018323,B7007530,KE,Nairobi,Individual,KES,170500,2026-06-26T07:06:24Z,9,20,Closed,113.98,1495.88,LO-KE-024
636590935,B3804526,SS,Gorom,Group,SSP,7850000,2026-05-14T13:17:04Z,6,18,Closed,,,LO-SS-003
640721685,B3046870,RW,Kigeme,Individual,RWF,425000,2026-04-09T07:17:23Z,12,24,Active,0.000679,288.48,LO-RW-022
110388260,B2768954,SS,Gorom,Emergency,SSP,1380000,2026-05-22T13:55:25Z,4,20,Active,,,LO-SS-029
940220324,B9040365,SS,Juba,Group,SSP,2690000,2026-06-29T06:18:02Z,6,18,ACTIVE,3925.23,685.31,LO-SS-006
333859175,B8053854,ET,Jijiga,Group,ETB,12000.00,2026-03-02T07:19:07Z,6,18,active,,,LO-ET-029
421728684,B7578150,RW,Kigeme,Emergency,RWF,575000,2026-05-18T10:55:30Z,4,24,active,1477.47,389.18,LO-RW-030
154355513,B6291969,RW,Kigeme,Emergency,RWF,590000,2026-04-17T06:09:27Z,3,24,Closed,1292.03,456.65,LO-RW-027
770365974,B8982960,RW,Mahama,Emergency,RWF,885000,2026-02-25T10:43:46Z,3,24,Active,1446.49,611.83,LO-RW-018
159043428,B8993752,TD,Abéché,Group,XAF,580000,2026-04-10T15:42:32Z,6,24,Active,528.76,1096.91,LO-TD-007
403145050,B5138624,ET,Melkadida,Group,ETB,104000.00,2026-04-20T06:31:56Z,6,18,active,0.006129,637.45,LO-ET-019
588925039,B1243222,SS,Gorom,Emergency,SSP,2360000,2026-01-07T10:34:47Z,4,18,Active,,,LO-SS-016
200240819,B9677032,ET,Jijiga,Individual,ETB,89400.00,2026-04-27T07:53:27Z,6,18,ACTIVE,0.006085,543.99,LO-ET-007
479643855,B1846435,ET,Jijiga,Individual,ETB,62800.00,2026-01-14T08:44:59Z,12,24,Active,160.69,390.81,LO-ET-015
931521837,B6307932,KE,Nairobi,Emergency,KES,87000,2026-03-13T07:34:51Z,4,18,ACTIVE,113.98,763.29,LO-KE-017
988553238,B3928460,ET,Jijiga,Individual,ETB,92000.00,2026-02-18T07:24:13Z,12,18,Closed (obligations met),137.87,667.30,LO-ET-001
884035233,B9562399,RW,Kigali,Individual,RWF,1595000,2026-03-18T06:05:45Z,6,24,Closed (obligations met),1292.03,1234.49,LO-RW-002
532090476,B6283354,RW,Kigeme,Group,RWF,2135000,2026-06-24T12:01:00Z,6,20,Closed (obligations met),,,LO-RW-016
521160759,B5892720,ET,Jijiga,Individual,ETB,15700.00,2026-05-04T08:23:02Z,12,20,Active,164.26,95.58,LO-ET-029
932863815,B8465456,KE,Kakuma,Emergency,KES,44500,2026-06-15T12:55:30Z,3,20,active,113.98,390.42,LO-KE-013
278975179,B6869402,ET,Melkadida,Individual,ETB,49000.00,2026-01-16T06:54:33Z,6,18,ACTIVE,160.8,304.73,LO-ET-019
432197706,B3285355,KE,Dadaab,Group,KES,70000,2026-04-13T10:14:54Z,9,20,Active,128.1,546.45,LO-KE-007
610773040,B5362730,ET,Jijiga,Group,ETB,123400.00,2026-03-20T12:36:51Z,6,18,ACTIVE,137.87,895.05,LO-ET-003
813680148,B2384474,ET,Jijiga,Group,ETB,76500.00,2026-06-29T08:43:22+03:00,6,18,Closed,176.57,433.26,LO-ET-011
293380719,B2670127,KE,Nairobi,Individual,KES,93000,2026-05-01T10:37:28Z,12,20,Closed (obligations met),129.59,717.65,LO-KE-012
552012226,B8023748,ET,Addis Ababa,Emergency,ETB,30200.00,2026-03-09T06:53:57Z,4,24,ACTIVE,,,LO-ET-005
169884523,B3292731,SS,Juba,Group,SSP,4850000,2026-06-26T07:24:39Z,9,24,Closed,3925.23,1235.60,LO-SS-001
931517601,B7803541,ET,Melkadida,Emergency,ETB,13700.00,2026-01-23T11:45:47Z,3,20,Closed,,,LO-ET-017
181165253,B6016472,SS,Juba,Individual,SSP,4730000,2026-06-26T06:16:05Z,9,24,Closed,3925.23,1205.02,LO-SS-013
742769116,B1125629,SS,Gorom,Individual,SSP,890000,2026-04-16T12:03:38Z,6,18,ACTIVE,,,LO-SS-005
534835426,B5722007,ET,Melkadida,Group,ETB,135700.00,2026-03-27T06:36:28Z,9,24,active,,,LO-ET-026
459463351,B9813491,TD,Abéché,Emergency,XAF,250000,2026-02-26T14:50:43Z,3,18,ACTIVE,,,LO-TD-001
194582760,B2411723,KE,Kalobeyei,Group,KES,184000,2026-06-10T09:15:51Z,9,18,Active,130.78,1406.94,LO-KE-007
367493690,B7432000,SS,Gorom,Emergency,SSP,1280000,2026-06-11T10:34:01Z,4,20,active,3925.23,326.10,LO-SS-010
772200187,B8009292,SS,Gorom,Emergency,SSP,1900000,2026-02-13T09:23:38Z,4,18,active,3925.23,484.05,LO-SS-007
700981897,B9620784,SS,Juba,Group,SSP,5010000,2026-03-02T13:30:50Z,6,18,Closed,0.000198,992.02,LO-SS-013
102254113,B5348159,KE,Dadaab,Emergency,KES,85000,2026-06-04T09:54:12Z,3,20,active,113.98,745.74,LO-KE-025
378964731,B1324694,TD,Farchana,Emergency,XAF,100000,2026-02-20T08:45:39Z,3,20,ACTIVE,495.93,201.64,LO-TD-001
650936448,B8105085,TD,Farchana,Individual,XAF,1315000,2026-04-16T14:31:20Z,9,24,Closed (obligations met),495.93,2651.58,LO-TD-009
651673417,B7335885,SS,Juba,Group,SSP,870000,2026-05-28T11:00:03Z,6,20,active,3925.23,221.64,LO-SS-027
905670543,B3556105,KE,Nairobi,Individual,KES,140000,2026-02-13T12:11:42+03:00,6,18,Closed,113.98,1228.29,LO-KE-026
677446274,B2536286,KE,Kakuma,Individual,KES,173000,2026-02-02T09:46:16Z,12,24,Active,129.0,1341.09,LO-KE-003
273927573,B7013075,KE,Kalobeyei,Individual,kes,158000,2026-03-27T13:08:36Z,9,24,Closed (obligations met),113.98,1386.21,LO-KE-027
873374695,B2751909,ET,Jijiga,Emergency,ETB,35100.00,2026-04-10T12:53:02Z,4,18,active,163.12,215.18,LO-ET-016
716682002,B2235345,SS,Gorom,Group,SSP,7170000,2026-04-10T07:50:31Z,6,24,Closed (obligations met),5501.7,1303.23,LO-SS-010
885073930,B6448012,KE,Nairobi,Group,KES,251500,2026-04-03T13:07:22Z,6,18,active,113.98,2206.53,LO-KE-016
399106539,B4368491,RW,Kigeme,Individual,RWF,1325000,2026-03-18T09:48:33Z,9,24,Closed (obligations met),1292.03,1025.52,LO-RW-001
331220964,B2140518,RW,Kigali,Group,RWF,2185000,2026-06-16T09:58:48Z,6,20,Closed,1462.76,1493.75,LO-RW-026
444915069,B8054727,SS,Gorom,Emergency,SSP,1540000,2026-04-07T06:24:35Z,3,24,ACTIVE,3925.23,392.33,LO-SS-004
595172347,B5338279,ET,Melkadida,Emergency,ETB,30200.00,2026-04-10T11:05:15Z,4,18,Active,137.87,219.05,LO-ET-026
850609255,B5064192,KE,Kakuma,Group,KES,193000,2026-06-05T12:48:34Z,6,20,ACTIVE,113.98,1693.28,LO-KE-014
382359497,B6427826,RW,Kigeme,Individual,RWF,2780000,2026-03-06T13:02:15Z,6,24,active,1450.97,1915.96,LO-RW-012
532428497,B5644841,ET,Melkadida,Group,ETB,63900.00,2026-04-24T11:47:10Z,9,18,Active,0.006115,390.78,LO-ET-023
170496977,B5997023,KE,Kakuma,Emergency,KES,59500,2026-05-06T08:18:45Z,3,24,Active,113.98,522.02,LO-KE-001
127173887,B1081752,ET,Addis Ababa,Individual,ETB,91700.00,2026-05-01T05:19:29Z,6,18,Active,,,LO-ET-007
205050911,B6386324,KE,Nairobi,Group,KES,127000,2026-06-05T05:10:44Z,9,20,Closed,113.98,1114.23,LO-KE-001
524023289,B8452949,TD,N'Djamena,Group,XAF,1435000,2026-05-01T15:45:16Z,9,18,Active,495.93,2893.55,LO-TD-015
636487972,B4852965,RW,Kigeme,Group,RWF,810000,2026-03-30T11:38:27Z,9,18,Active,1464.71,553.01,LO-RW-021
302769152,B7246766,KE,Kakuma,Individual,KES,61500,2026-05-07T12:04:35Z,9,24,Active,,,LO-KE-030
839275392,B8237651,TD,Farchana,Emergency,XAF,230000,2026-01-12T13:42:46Z,3,18,Active,,,LO-TD-024
307507392,B7333542,ET,Melkadida,Group,ETB,44400.00,2026-02-10T13:58:14Z,9,20,Closed (obligations met),137.87,322.04,LO-ET-016
380859931,B6150617,ET,Jijiga,Individual,ETB,135000.00,2026-03-27T12:22:03Z,9,18,ACTIVE,137.87,979.18,LO-ET-029
174221725,B4834281,RW,Kigali,Group,RWF,"2,495,000",2026-05-08T08:52:31Z,6,18,Closed,0.000674,1680.95,LO-RW-006
802674593,B8237651,TD,Farchana,Emergency,XAF,415000,2026-04-17T09:13:53Z,4,20,Closed (obligations met),495.93,836.81,LO-TD-010
147289299,B1753394,KE,Nairobi,Emergency,KSH,70500,2026-05-19T05:37:10Z,4,24,Closed,129.45,544.61,LO-KE-030
367837538,B2493580,RW,Kigali,Emergency,RWF,350000,2026-06-25T06:33:30Z,4,24,Active,1292.03,270.89,LO-RW-001
686834671,B4867992,TD,N'Djamena,Individual,XAF,1165000,2026-03-11T14:44:45Z,12,20,Active,495.93,2349.12,LO-TD-022
282817206,B5057596,KE,Kakuma,Group,KES,232500,2026-04-03T10:06:38Z,9,20,Active,113.98,2039.83,LO-KE-022
918929170,B8706700,KE,Nairobi,Emergency,KES,71500,2026-03-06T12:39:28Z,4,18,Active,113.98,627.30,LO-KE-014
304132227,B5363837,KE,Kalobeyei,Group,KES,155500,2026-03-03T07:23:52Z,9,20,Closed,113.98,1364.27,LO-KE-020
930273679,B9927772,TD,Farchana,Group,XAF,665000,2026-03-05T07:36:36Z,9,20,Closed (obligations met),495.93,1340.92,LO-TD-005
264197139,B5399537,TD,N'Djamena,Individual,XAF,925 000,2026-04-24T11:35:59Z,12,20,ACTIVE,520.88,1775.84,LO-TD-010
217219653,B9833516,TD,Abéché,Group,XAF,990000,2026-02-03T12:37:28Z,9,24,ACTIVE,495.93,1996.25,LO-TD-029
997323295,B9971899,KE,Nairobi,Emergency,KES,46500,2026-04-09T10:21:47Z,4,20,Closed,127.5,364.71,LO-KE-013
997112112,B5194245,KE,Kakuma,Individual,KES,131500,2026-06-03T09:05:35Z,12,18,ACTIVE,0.007629,1003.20,LO-KE-025
652741509,B1105639,SS,Juba,Emergency,SSP,530000,2026-02-20T11:15:39Z,4,20,Closed (obligations met),5126.4,103.39,LO-SS-014
480396727,B9420191,TD,N'Djamena,Emergency,XAF,280000,2026-04-10T08:14:12Z,3,20,active,0.001891,529.54,LO-TD-002
462184088,B5258594,RW,Kigeme,Group,RWF,2930000,2026-06-29T14:01:02Z,6,20,Active,0.000682,1999.54,LO-RW-025
295162769,B1957148,KE,Kakuma,Group,KES,170500,2026-06-19T12:05:37Z,9,24,Active,,,LO-KE-004
223606654,B5194245,KE,Kakuma,Individual,KES,70000,2026-01-26T10:00:31Z,6,18,active,129.24,541.63,LO-KE-020
101905184,B7856354,KE,Kakuma,Individual,kes,223000,2026-03-10T07:22:02Z,6,24,Active,128.87,1730.43,LO-KE-026
126797987,B6929337,SS,Juba,Emergency,SSP,1020000,2026-04-09T07:22:25Z,3,24,Closed (obligations met),3925.23,259.86,LO-SS-020
105839673,B8607624,KE,Kakuma,Individual,KES,50500,2026-04-23T08:28:25Z,9,24,ACTIVE,,,LO-KE-026
644714212,B2541190,TD,N'Djamena,Group,XAF,625000,2026-01-13T10:59:57Z,9,18,Closed (obligations met),495.93,1260.26,LO-TD-027
920302388,B7359712,RW,Kigeme,Group,RWF,2045000,2026-04-13T11:30:51Z,6,20,active,1292.03,1582.78,LO-RW-008
567949088,B2798561,RW,Kigali,Emergency,RWF,225000,2026-05-06T12:23:25Z,4,20,Active,1292.03,174.14,LO-RW-019
122057660,B2533979,KE,Kalobeyei,Group,KES,110000,2026-05-13T11:49:13Z,6,18,Closed (obligations met),113.98,965.08,LO-KE-029
228992768,B4920318,KE,Kakuma,Group,KES,259000,2026-03-27T13:57:47Z,6,18,Closed (obligations met),113.98,2272.33,LO-KE-003
884781002,B2490490,SS,Juba,Emergency,SSP,2000000,2026-05-18T10:29:28Z,3,18,Active,,,LO-SS-008
639372194,B9927772,TD,Farchana,Individual,XAF,915000,2026-06-01T09:06:49Z,9,18,Active,,,LO-TD-030
908075588,B2235345,SS,Gorom,Emergency,SSP,590000,2026-01-23T09:29:28Z,3,20,Active,3925.23,150.31,LO-SS-029
277279789,B8063847,ET,Addis Ababa,Emergency,ETB,12000.00,2026-06-03T07:24:14Z,3,24,Active,,,LO-ET-009
115382131,B8984606,RW,Kigeme,Emergency,RWF,230000,2026-03-13T08:44:38Z,3,24,Active,1292.03,178.01,LO-RW-005
949326248,B9211027,TD,Abéché,Group,XAF,280000,2026-02-10T10:49:04Z,9,24,active,495.93,564.60,LO-TD-014
231310643,B7602492,RW,Kigali,Emergency,RWF,680000,2026-03-10T08:45:25Z,4,20,Closed (obligations met),1292.03,526.30,LO-RW-014
419833885,B8607627,KE,Nairobi,Emergency,KES,33500,2026-06-10T08:24:32Z,4,18,Closed,,,LO-KE-014
400481810,B7094089,ET,Jijiga,Group,ETB,11000.00,2026-05-18T06:31:51Z,6,20,Active,,,LO-ET-002
256042616,B1216062,SS,Gorom,Group,SSP,3160000,2026-02-27T06:33:37Z,6,18,Active,,,LO-SS-006
422797730,B5471196,RW,Mahama,Individual,RWF,1125000,2026-06-01T14:18:44Z,12,20,Active,1468.5,766.09,LO-RW-003
352379708,B2985227,KE,Dadaab,Group,KES,167000,2026-04-15T06:25:40Z,6,20,ACTIVE,113.98,1465.17,LO-KE-003
661899962,B9055366,ET,Addis Ababa,Group,ETB,132400.00,2026-02-13T06:41:52Z,9,18,Active,167.12,792.25,LO-ET-007
787351536,B5857414,TD,Farchana,Individual,XAF,585000,2026-06-17T14:33:30Z,9,18,Closed (obligations met),495.93,1179.60,LO-TD-014
502213128,B2791942,ET,Addis Ababa,Group,ETB,81700.00,2026-03-27T10:07:35Z,6,20,ACTIVE,137.87,592.59,LO-ET-024
855419670,B2493580,RW,Kigali,Individual,RWF,930000,2026-02-06T11:17:36Z,9,20,Closed,0.000690,641.75,LO-RW-003
609324464,B4808632,KE,Kalobeyei,Emergency,KES,36000,2026-02-09T11:26:10Z,3,18,Active,113.98,315.84,LO-KE-028
744002865,B1885703,TD,Farchana,Emergency,XAF,260000,2026-02-20T15:15:01Z,4,18,Closed (obligations met),495.93,524.27,LO-TD-025
182730549,B6433513,ET,Jijiga,Group,ETB,56600.00,2026-05-25T08:30:23Z,6,18,Closed (obligations met),169.44,334.04,LO-ET-024
900173837,B6461258,SS,Juba,Individual,SSP,2880000,2026-04-10T13:53:57Z,9,18,ACTIVE,5501.7,523.47,LO-SS-024
373067687,B5851785,SS,Juba,Emergency,SSP,1430000,2026-04-17T06:26:45Z,3,24,Closed,,,LO-SS-029
631423004,B9363348,RW,Kigali,Group,RWF,225000,2026-02-02T14:45:10Z,6,18,active,1292.03,174.14,LO-RW-022
743722654,B5315185,RW,Kigali,Individual,RWF,1060000,2026-02-10T13:09:42Z,6,20,ACTIVE,0.000688,729.64,LO-RW-028
440536085,B2585595,RW,Kigeme,Emergency,RWF,440000,2026-02-24T12:19:27Z,4,24,active,1292.03,340.55,LO-RW-009
934745606,B9351518,ET,Addis Ababa,Individual,ETB,85600.00,2026-06-18T07:55:46Z,9,24,Closed (obligations met),174.22,491.33,LO-ET-019
475770569,B9547746,TD,Farchana,Emergency,XAF,155 000,2026-06-29T10:43:14Z,3,24,active,495.93,312.54,LO-TD-024
669080723,B1878168,SS,Gorom,Emergency,SSP,2100000,2026-04-20T10:12:29Z,3,18,active,3925.23,535.00,LO-SS-026
803745360,B5139332,KE,Kalobeyei,Emergency,KES,61000,2026-05-01T07:35:15Z,3,18,Active,113.98,535.18,LO-KE-017
962229716,B6137327,SS,Juba,Individual,SSP,6700000,2026-04-03T10:11:27Z,9,24,ACTIVE,3925.23,1706.91,LO-SS-020
383602126,B9897894,TD,N'Djamena,Individual,XAF,600000,2026-06-18T08:58:29Z,12,20,Active,495.93,1209.85,LO-TD-028
138517633,B9472381,ET,Jijiga,Group,ETB,97000.00,2026-04-24T05:33:23Z,9,20,Closed (obligations met),137.87,703.56,LO-ET-018
967018324,B7609600,RW,Kigali,Group,RWF,2360000,2026-03-25T14:17:10Z,9,18,ACTIVE,1461.91,1614.33,LO-RW-019
230273571,B5465323,ET,Melkadida,Individual,ETB,149200.00,2026-02-18T05:21:03Z,9,18,Closed,137.87,1082.18,LO-ET-027
867759563,B1885703,TD,Farchana,Individual,XAF,625000,2026-05-21T10:13:47Z,12,20,active,525.78,1188.71,LO-TD-015
273974393,B4615433,RW,Mahama,Group,RWF,2285000,2026-06-24T12:23:05Z,9,20,Closed (obligations met),1292.03,1768.53,LO-RW-018
194574017,B7025670,SS,Gorom,Individual,SSP,2780000,2026-03-20T12:28:39Z,9,18,Active,3925.23,708.24,LO-SS-019
470705641,B5362730,ET,Jijiga,Individual,ETB,133800.00,2026-06-18T08:04:20Z,12,20,Closed,,,LO-ET-016
394330823,B9005754,RW,Kigali,Group,RWF,665000,2026-06-10T06:18:55Z,6,20,Active,0.000683,453.94,LO-RW-019
906984616,B5892720,ET,Jijiga,Emergency,ETB,10500.00,2026-02-11T06:26:30Z,3,24,Active,137.87,76.16,LO-ET-015
286824320,B2783062,TD,Abéché,Group,XAF,375000,2026-06-23T07:19:21Z,9,20,Active,495.93,756.16,LO-TD-019
630347884,B7803541,ET,Melkadida,Emergency,ETB,36800.00,2026-04-27T12:21:29Z,3,18,ACTIVE,,,LO-ET-010
941732504,B9916423,KE,Nairobi,Emergency,KES,44000,2026-05-22T13:44:25Z,3,18,active,113.98,386.03,LO-KE-016
244482938,B1704868,RW,Kigeme,Emergency,RWF,350000,2026-03-17T06:59:22Z,3,24,Active,0.000687,240.53,LO-RW-005
996141769,B7826040,ET,Melkadida,Emergency,ETB,36800.00,2026-05-21T12:41:54Z,4,24,Closed (obligations met),169.27,217.40,LO-ET-011
619524634,B9832961,RW,Kigali,Emergency,RWF,795000,2026-04-10T13:11:37Z,4,20,active,1470.25,540.72,LO-RW-005
854598637,B2343130,ET,Jijiga,Emergency,ETB,41100.00,2026-03-06T10:05:53Z,4,18,Closed,137.87,298.11,LO-ET-009
762303282,B2720395,TD,Abéché,Individual,XAF,525000,2026-02-12T11:59:58Z,6,18,active,545.83,961.84,LO-TD-018
482096458,B4389502,TD,Abéché,Group,XAF,1170000,2026-01-09T07:02:54Z,9,20,Closed,,,LO-TD-005
445133733,B5101662,ET,Jijiga,Group,ETB,136700.00,2026-01-29T07:37:32Z,6,18,active,137.87,991.51,LO-ET-019
173443821,B1413716,RW,Kigeme,Group,RWF,735000,2026-01-19T13:55:29Z,6,20,active,1447.39,507.81,LO-RW-013
733784078,B2377472,RW,Mahama,Group,RWF,600000,2026-02-13T12:08:41Z,9,20,active,1292.03,464.39,LO-RW-008
777040994,B1820040,KE,Kalobeyei,Group,KES,140000,2026-04-06T08:47:01Z,6,24,Active,113.98,1228.29,LO-KE-011
692967454,B1770895,TD,N'Djamena,Group,XAF,1490000,2026-04-24T12:47:33Z,9,18,Active,0.001920,2860.54,LO-TD-028
917142474,B1085498,RW,Kigeme,Group,RWF,400000,2026-05-22T11:40:27Z,9,24,Active,1292.03,309.59,LO-RW-022
289916596,B2760194,RW,Mahama,Emergency,RWF,840000,2026-04-14T10:51:23Z,4,18,Active,1471.59,570.81,LO-RW-010
972000478,B1682816,ET,Jijiga,Group,ETB,54200.00,2026-04-17T11:30:58Z,9,18,ACTIVE,137.87,393.12,LO-ET-026
507478959,B3292731,SS,Juba,Group,SSP,2030000,2026-03-30T07:09:10Z,6,18,Closed,5135.4,395.30,LO-SS-022
937023093,B4777803,RW,Kigeme,Individual,RWF,775000,2026-01-27T10:25:29Z,9,20,Closed (obligations met),,,LO-RW-020
952280977,B7472323,RW,Kigali,Individual,RWF,1555000,2026-02-19T07:40:45Z,9,24,Closed (obligations met),,,LO-RW-004
837317843,B3616419,SS,Gorom,Emergency,ssp,1270000,2026-01-23T14:41:41Z,4,18,ACTIVE,3925.23,323.55,LO-SS-002
446852639,B6551040,TD,Abéché,Individual,XAF,965000,2026-03-20T09:45:43Z,9,24,Closed,495.93,1945.84,LO-TD-008
378370939,B9037555,KE,Nairobi,Individual,KES,122500,2026-02-09T07:05:48Z,12,20,Closed,129.65,944.85,LO-KE-016
101796276,B7901241,SS,Juba,Individual,SSP,3510000,2026-01-14T06:13:32Z,6,24,active,3925.23,894.22,LO-SS-013
123130826,B1723769,ET,Melkadida,Emergency,ETB,23700.00,2026-06-22T07:38:05Z,4,18,Closed,137.87,171.90,LO-ET-011
239111675,B1073234,SS,Gorom,Individual,SSP,570000,2026-06-05T09:29:45Z,9,18,Closed,0.000167,94.92,LO-SS-015
894460526,B6204448,TD,N'Djamena,Individual,XAF,590000,2026-04-24T07:05:59Z,9,20,Active,,,LO-TD-012
857733123,B1266571,SS,Gorom,Group,ssp,5180000,2026-03-12T07:10:09Z,9,20,Active,3925.23,1319.67,LO-SS-001
559957483,B1040647,TD,Farchana,Emergency,XAF,140000,2026-01-14T10:18:58Z,4,20,Closed,495.93,282.30,LO-TD-018
278588653,B8266095,RW,Mahama,Emergency,RWF,505000,2026-06-18T06:18:17Z,4,20,Active,,,LO-RW-008
783126815,B3609487,SS,Gorom,Group,SSP,6850000,2026-06-26T13:35:50Z,6,20,active,3925.23,1745.12,LO-SS-003
512193405,B2894325,SS,Gorom,Emergency,SSP,1960000,2026-06-25T06:11:18Z,3,20,Active,3925.23,499.33,LO-SS-014
762307922,B8300037,ET,Jijiga,Emergency,ETB,16800.00,2026-05-04T10:05:39Z,4,20,Active,164.26,102.28,LO-ET-015
547190435,B2248435,KE,Kalobeyei,Group,KES,253000,2026-01-27T09:51:42Z,6,20,ACTIVE,129.14,1959.11,LO-KE-005
404738164,B5676183,KE,Kalobeyei,Individual,KES,221500,2026-02-04T09:01:07Z,12,24,Active,113.98,1943.32,LO-KE-019
500145514,B6483328,KE,Kakuma,Individual,KES,257500,2026-01-26T10:39:11Z,9,24,Active,129.24,1992.42,LO-KE-011
648971734,B6900535,SS,Juba,Group,SSP,5620000,2026-02-06T07:11:48Z,9,20,ACTIVE,3925.23,1431.76,LO-SS-005
215328556,B2871129,SS,Juba,Individual,SSP,1850000,2026-02-02T06:26:07Z,9,20,Closed,3925.23,471.31,LO-SS-028
815928712,B5452667,KE,Dadaab,Individual,KES,249500,2026-02-20T07:52:15Z,6,18,Closed,113.98,2188.98,LO-KE-003
417914731,B2221587,KE,Nairobi,Emergency,KES,64000,2026-01-29T12:23:59Z,3,18,active,,,LO-KE-015
909861273,B9335705,RW,Mahama,Individual,rwf,2630000,2026-02-26T06:56:48Z,6,18,ACTIVE,1292.03,2035.56,LO-RW-029
255990764,B2107620,SS,Juba,Group,SSP,2220000,2026-05-15T09:06:32Z,6,18,Active,3925.23,565.57,LO-SS-005
266964787,B8652161,TD,Abéché,Group,XAF,1215000,2026-01-09T10:31:57Z,9,24,Closed (obligations met),495.93,2449.94,LO-TD-025
823144024,B1675547,ET,Addis Ababa,Group,ETB,"75,000.00",2026-05-15T09:59:00Z,6,24,Active,,,LO-ET-027
747925594,B9966006,TD,N'Djamena,Emergency,XAF,420000,2026-06-01T07:29:32Z,4,24,Active,495.93,846.89,LO-TD-019
295017351,B5060948,SS,Juba,Group,SSP,2790000,2026-01-14T06:04:30Z,6,24,ACTIVE,0.000207,576.48,LO-SS-021
390168206,B5904547,RW,Mahama,Individual,RWF,840000,2026-06-05T08:21:44Z,9,20,Active,0.000681,572.34,LO-RW-030
152513213,B2150187,KE,Dadaab,Emergency,KES,37500,2026-06-19T11:09:37Z,3,20,Closed (obligations met),130.79,286.72,LO-KE-020
321544114,B2248435,KE,Kalobeyei,Individual,KES,299000,2026-05-29T11:45:36Z,6,18,ACTIVE,,,LO-KE-021
463877738,B6565620,TD,N'Djamena,Group,XAF,1150000,2026-04-27T15:40:54Z,6,24,Closed (obligations met),0.001928,2217.34,LO-TD-027
647704848,B7116785,SS,Juba,Individual,SSP,"7,770,000",2026-01-26T10:12:29Z,9,24,Closed (obligations met),3925.23,1979.50,LO-SS-010
815311778,B1781220,SS,Gorom,Individual,SSP,5180000,2026-01-12T14:01:08+02:00,9,24,ACTIVE,4866.0,1064.53,LO-SS-029
547992738,B4005251,SS,Gorom,Individual,SSP,4200000,2026-04-03T09:34:55+02:00,6,24,Closed,,,LO-SS-002
285284555,B3111118,KE,Dadaab,Individual,KES,29500,2026-05-07T13:44:20Z,6,18,Closed (obligations met),113.98,258.82,LO-KE-021
478130009,B7602492,RW,Kigali,Individual,RWF,1835000,2026-06-12T14:47:44Z,6,24,Active,,,LO-RW-006
518492697,B2211696,RW,Kigeme,Individual,RWF,1255000,2026-04-17T10:04:57Z,12,24,ACTIVE,1292.03,971.34,LO-RW-023
149288350,B5254476,TD,N'Djamena,Emergency,XAF,225000,2026-04-24T10:29:37Z,3,24,active,520.88,431.96,LO-TD-012
676910573,B7763004,RW,Mahama,Group,RWF,"2,990,000",2026-01-23T14:26:19Z,9,18,Closed (obligations met),1292.03,2314.19,LO-RW-022
413230655,B5611106,RW,Kigali,Individual,RWF,1380000,2026-01-13T08:47:13Z,9,18,Closed,1292.03,1068.09,LO-RW-013
172316859,B5966415,SS,Juba,Group,SSP,6190000,2026-01-26T10:47:48Z,6,24,ACTIVE,3925.23,1576.98,LO-SS-011
531687483,B3145138,SS,Gorom,Group,SSP,1190000,2026-01-05T11:22:21Z,6,20,ACTIVE,3925.23,303.17,LO-SS-010
808854745,B7117824,RW,Kigeme,Individual,RWF,620000,2026-04-24T08:49:46Z,6,24,ACTIVE,1292.03,479.87,LO-RW-004
559088717,B6854833,TD,N'Djamena,Individual,XAF,1150000,2026-04-13T15:01:26Z,12,18,Closed (obligations met),,,LO-TD-023
634425578,B3623905,KE,Kalobeyei,Individual,KES,251500,2026-03-20T11:25:16Z,12,24,Active,113.98,2206.53,LO-KE-019
286192926,B4651358,RW,Mahama,Emergency,RWF,535000,2026-04-10T13:52:55Z,4,18,ACTIVE,1292.03,414.08,LO-RW-008
708896377,B3120926,KE,Dadaab,Emergency,KES,24500,2026-06-18T11:42:12Z,4,24,active,113.98,214.95,LO-KE-024
674635998,B5174873,SS,Gorom,Group,SSP,5510000,2026-03-13T07:06:00Z,6,20,Active,0.000193,1065.95,LO-SS-027
138383353,B3088844,SS,Juba,Individual,SSP,6440000,2026-01-08T11:59:44Z,9,24,Active,4861.2,1324.78,LO-SS-027
684136686,B8652161,TD,Abéché,Group,XAF,1155000,2026-06-08T09:42:00Z,6,18,Closed (obligations met),495.93,2328.96,LO-TD-003
503365136,B6584701,RW,Mahama,Individual,RWF,1205000,2026-06-03T12:05:30Z,6,18,active,1292.03,932.64,LO-RW-001
764343627,B9720944,SS,Juba,Individual,SSP,4040000,2026-01-28T10:23:03Z,12,20,Closed (obligations met),3925.23,1029.24,LO-SS-019
995708279,B5399994,ET,Addis Ababa,Emergency,ETB,28400.00,2026-05-04T10:09:42Z,4,18,active,164.26,172.90,LO-ET-007
250985202,B4388683,ET,Melkadida,Individual,ETB,17700.00,2026-01-08T09:36:39Z,12,24,ACTIVE,137.87,128.38,LO-ET-013
154284346,B7091534,KE,Kalobeyei,Group,KES,186500,2026-02-06T13:06:33Z,9,18,Active,113.98,1636.25,LO-KE-018
668419614,B8020944,RW,Kigeme,Individual,RWF,2380000,2026-01-23T09:47:39Z,6,18,ACTIVE,1292.03,1842.06,LO-RW-025
456344306,B7240752,SS,Juba,Individual,SSP,5740000,2026-02-05T11:13:28Z,12,18,Active,3925.23,1462.33,LO-SS-022
107509558,B5261958,ET,Melkadida,Individual,ETB,"67,000.00",2026-06-05T06:57:02Z,12,18,Closed (obligations met),137.87,485.97,LO-ET-002
935012477,B1903988,KE,Nairobi,Individual,KES,290000,2026-03-20T10:59:25Z,9,24,Closed,127.57,2273.26,LO-KE-029
995313234,B8617772,RW,Kigali,Individual,RWF,2385000,2026-01-15T12:10:55Z,6,18,active,1292.03,1845.93,LO-RW-016
278927308,B3080275,ET,Jijiga,Group,ETB,30700.00,2026-05-05T07:46:04Z,9,20,Closed (obligations met),,,LO-ET-030
693226014,B2944663,TD,Farchana,Emergency,xaf,380000,2026-04-07T08:52:04Z,3,18,ACTIVE,495.93,766.24,LO-TD-001
547850751,B6700634,SS,Gorom,Group,SSP,5240000,2026-04-03T08:42:24Z,6,18,Active,3925.23,1334.95,LO-SS-007
688117175,B7562012,ET,Addis Ababa,Group,ETB,142000.00,2026-02-06T05:41:28Z,6,24,ACTIVE,137.87,1029.96,LO-ET-002
556485349,B1954826,KE,Kakuma,Group,KES,27500,2026-04-01T13:41:06Z,9,24,ACTIVE,113.98,241.27,LO-KE-009
825314909,B7839116,SS,Gorom,Group,SSP,5900000,2026-04-10T10:29:44Z,9,18,Closed (obligations met),,,LO-SS-014
981954296,B2240576,TD,N'Djamena,Group,XAF,645000,2026-03-10T15:07:16Z,9,18,ACTIVE,535.49,1204.50,LO-TD-027
317455752,B2720395,TD,Abéché,Emergency,XAF,405000,2026-05-01T14:46:27Z,4,20,Closed,0.001933,782.78,LO-TD-011
215369201,B5683371,SS,Gorom,Group,SSP,1140000,2026-03-13T08:31:10Z,6,18,Closed (obligations met),5169.1,220.54,LO-SS-017
496998281,B6756816,SS,Gorom,Group,SSP,4240000,2026-01-14T11:33:48Z,6,24,ACTIVE,0.000207,876.09,LO-SS-016
629904719,B7681473,TD,Farchana,Individual,XAF,135000,2026-02-17T09:13:45Z,9,18,Closed (obligations met),495.93,272.22,LO-TD-007
697798867,B5770017,RW,Kigali,Group,RWF,990000,2026-05-26T11:55:41Z,6,20,ACTIVE,1292.03,766.24,LO-RW-019
108083740,B7007045,KE,Nairobi,Emergency,KES,82000,2026-04-24T16:13:39+03:00,4,20,Closed (obligations met),113.98,719.42,LO-KE-005
679931098,B9493096,RW,Kigeme,Individual,RWF,880000,2026-05-15T10:48:32Z,9,20,Closed,1292.03,681.10,LO-RW-019
824204282,B8811531,SS,Gorom,Group,SSP,870000,2026-05-01T14:11:30+02:00,9,18,Closed,5639.7,154.26,LO-SS-023
947754607,B9215043,ET,Jijiga,Emergency,ETB,34500.00,2026-05-29T06:02:43Z,3,20,Active,137.87,250.24,LO-ET-023
505069599,B5832980,RW,Kigeme,Emergency,RWF,850000,2026-02-25T10:19:14Z,4,18,Active,,,LO-RW-019
824987337,B9932083,ET,Jijiga,Group,ETB,71900.00,2026-03-24T11:52:08Z,9,18,Active,0.005994,431.00,LO-ET-027
734714896,B5450779,TD,N'Djamena,Group,XAF,1130000,2026-03-06T10:45:06Z,9,24,active,495.93,2278.55,LO-TD-029
219236488,B5576022,TD,N'Djamena,Emergency,XAF,110000,2026-05-21T09:21:03+01:00,4,24,active,525.78,209.21,LO-TD-014
692277358,B9351518,ET,Addis Ababa,Individual,ETB,47200.00,2026-02-23T08:43:16Z,9,20,Active,137.87,342.35,LO-ET-022
755344929,B4045410,RW,Mahama,Group,RWF,2855000,2026-02-11T06:33:30Z,9,20,ACTIVE,1292.03,2209.70,LO-RW-028
816530223,B4352486,ET,Addis Ababa,Individual,ETB,24300.00,2026-03-17T08:49:10Z,6,18,active,137.87,176.25,LO-ET-020
688561997,B1173162,RW,Mahama,Individual,rwf,1800000,2026-03-06T14:05:10Z,6,20,Active,0.000689,1240.55,LO-RW-010
858472307,B6840805,TD,Abéché,Individual,XAF,1460000,2026-02-16T14:26:47Z,12,24,Closed (obligations met),543.22,2687.68,LO-TD-005
142276144,B5334124,TD,Abéché,Emergency,XAF,220000,2026-05-15T07:08:52Z,4,24,ACTIVE,0.001910,420.24,LO-TD-028
789954726,B6343102,SS,Gorom,Group,SSP,3090000,2026-06-11T12:42:48Z,6,18,Closed,,,LO-SS-026
327102223,B5611535,TD,N'Djamena,Emergency,XAF,410000,2026-06-01T15:22:03Z,3,20,ACTIVE,,,LO-TD-013
802500591,B7573605,KE,Dadaab,Group,KES,139000,2026-05-07T10:55:50Z,6,20,Closed (obligations met),128.96,1077.85,LO-KE-007
875897066,B5966415,SS,Juba,Emergency,SSP,2120000,2026-05-15T14:51:35Z,4,20,Active,3925.23,540.10,LO-SS-021
758588865,B5050703,SS,Gorom,Emergency,SSP,1830000,2026-01-09T07:15:25Z,4,18,Closed (obligations met),3925.23,466.21,LO-SS-018
995944720,B4607216,RW,Kigali,Individual,RWF,2645000,2026-05-01T11:58:39Z,12,24,active,1478.48,1789.00,LO-RW-007
597417922,B1684445,KE,Dadaab,Individual,KES,187500,2026-03-10T12:30:15Z,6,20,active,113.98,1645.03,LO-KE-011
223735881,B1954826,KE,Kakuma,Emergency,KES,36000,2026-01-21T09:03:15Z,3,24,ACTIVE,,,LO-KE-029
863364263,B2106879,SS,Gorom,Group,SSP,640000,2026-02-16T08:32:57Z,9,18,Active,,,LO-SS-008
706602170,B2143439,ET,Melkadida,Emergency,ETB,23100.00,2026-05-21T09:09:36Z,4,18,Closed (obligations met),,,LO-ET-019
815362635,B5268182,KE,Kakuma,Individual,KES,36500,2026-01-21T08:32:02Z,12,20,Active,129.42,282.03,LO-KE-029
107856334,B4928020,ET,Addis Ababa,Individual,ETB,116700.00,2026-04-10T05:53:08Z,6,24,active,163.12,715.42,LO-ET-010
696444863,B8706700,KE,Nairobi,Group,KES,241500,2026-06-12T09:52:34Z,9,18,ACTIVE,113.98,2118.79,LO-KE-003
301053024,B4052055,KE,Dadaab,Emergency,KES,46000,2026-03-20T08:32:39Z,3,20,ACTIVE,113.98,403.58,LO-KE-023
340399078,B2353332,RW,Kigeme,Individual,RWF,985000,2026-06-05T06:52:11Z,12,20,Closed (obligations met),,,LO-RW-028
249719036,B1476665,TD,N'Djamena,Individual,XAF,365000,2026-04-10T11:38:35Z,12,18,Closed (obligations met),528.76,690.29,LO-TD-025
361316638,B2946575,RW,Kigali,Group,RWF,1965000,2026-04-28T14:34:41Z,9,20,Closed (obligations met),1292.03,1520.86,LO-RW-010
799570287,B1385245,RW,Mahama,Emergency,RWF,475000,2026-02-02T12:06:25Z,4,18,Closed (obligations met),1292.03,367.64,LO-RW-009
886668670,B1727674,ET,Addis Ababa,Group,ETB,44000.00,2026-06-22T09:30:15Z,6,20,Active,137.87,319.14,LO-ET-004
292242469,B8375005,RW,Mahama,Individual,RWF,"2,585,000",2026-02-16T06:08:42Z,9,24,Closed,1292.03,2000.73,LO-RW-002
197839538,B7665618,ET,Melkadida,Emergency,ETB,"17,700.00",2026-01-09T07:18:53Z,3,18,Closed (obligations met),160.0,110.62,LO-ET-027
989472891,B9032728,KE,Kakuma,Emergency,KES,72000,2026-02-10T10:42:02+03:00,4,20,Active,129.36,556.59,LO-KE-019
923338240,B7998610,TD,N'Djamena,Emergency,XAF,320000,2026-05-08T10:53:06Z,3,18,Closed,522.3,612.67,LO-TD-007
859578689,B6204448,TD,N'Djamena,Emergency,xaf,255000,2026-01-07T08:45:02Z,3,18,Closed,,,LO-TD-011
993447925,B2534502,ET,Jijiga,Emergency,ETB,44600.00,2026-01-26T06:44:29Z,3,18,Closed,0.006145,274.07,LO-ET-018
515260173,B7505448,TD,N'Djamena,Individual,XAF,1370000,2026-05-25T07:54:52Z,9,18,ACTIVE,0.001912,2619.30,LO-TD-017
824626321,B4569269,KE,Nairobi,Emergency,KES,74000,2026-03-11T07:57:32Z,4,24,active,113.98,649.24,LO-KE-026
998591232,B7092498,RW,Mahama,Group,RWF,635000,2026-01-29T12:29:57Z,9,24,Closed,0.000689,437.57,LO-RW-030
628156964,B9753433,KE,Nairobi,Group,KES,33500,2026-02-20T06:10:23Z,9,18,active,113.98,293.91,LO-KE-017
315396639,B8597157,SS,Juba,Individual,SSP,3260000,2026-05-25T14:07:19+02:00,9,20,ACTIVE,,,LO-SS-009
947490535,B4867992,TD,N'Djamena,Individual,XAF,1015000,2026-06-19T10:46:23Z,12,18,ACTIVE,495.93,2046.66,LO-TD-007
356335646,B1324694,TD,Farchana,Emergency,XAF,325000,2026-05-08T08:15:38Z,4,24,Active,495.93,655.33,LO-TD-015
763353951,B9090882,ET,Jijiga,Emergency,ETB,28400.00,2026-05-08T07:08:28Z,3,24,Closed (obligations met),137.87,205.99,LO-ET-003
175521526,B3200201,ET,Jijiga,Group,ETB,35800.00,2026-04-17T07:19:00Z,9,20,Active,163.88,218.45,LO-ET-020
252310783,B8159570,ET,Jijiga,Group,ETB,93600.00,2026-05-08T08:25:08Z,6,24,ACTIVE,165.18,566.65,LO-ET-025
441969169,B9675232,RW,Mahama,Group,RWF,475000,2026-03-06T12:35:33Z,6,24,active,,,LO-RW-019
889160962,B2956725,SS,Gorom,Emergency,ssp,840000,2026-02-20T12:05:01Z,4,20,Closed (obligations met),,,LO-SS-008
752818795,B5413383,ET,Addis Ababa,Group,ETB,97600.00,2026-05-08T07:10:59Z,6,24,ACTIVE,137.87,707.91,LO-ET-023
188890478,B9201208,ET,Melkadida,Emergency,ETB,31300.00,2026-06-18T08:19:11Z,3,24,Active,0.005740,179.66,LO-ET-010
791356452,B8419318,TD,N'Djamena,Emergency,XAF,185000,2026-04-23T15:33:27Z,3,20,Closed (obligations met),495.93,373.04,LO-TD-027
733241777,B4237967,RW,Kigali,Emergency,RWF,395000,2026-03-13T11:47:33Z,4,20,Active,,,LO-RW-017
535616189,B8257884,TD,Abéché,Individual,XAF,1235000,2026-06-10T12:40:34Z,6,18,Closed,495.93,2490.27,LO-TD-007
414016546,B9363026,KE,Kakuma,Individual,KES,187500,2026-02-06T12:41:05Z,9,20,Active,129.62,1446.54,LO-KE-021
651937507,B9860198,RW,Mahama,Group,RWF,2470000,2026-04-03T12:25:51Z,9,20,Closed,1292.03,1911.72,LO-RW-016
960883627,B3758848,SS,Gorom,Individual,SSP,2530000,2026-01-28T10:01:19Z,6,24,active,,,LO-SS-021
155261205,B4832654,TD,Abéché,Individual,XAF,590000,2026-04-17T12:02:14Z,9,18,Closed,,,LO-TD-028
612071957,B4040057,ET,Melkadida,Group,ETB,70000.00,2026-06-05T12:13:02Z,9,24,active,,,LO-ET-017
477855053,B3957217,RW,Mahama,Group,RWF,685000,2026-04-17T10:18:26+02:00,6,20,Closed (obligations met),1292.03,530.17,LO-RW-024
984947412,B8732602,TD,Farchana,Individual,XAF,560000,2026-03-09T09:34:38Z,9,24,Active,,,LO-TD-008
850559321,B2372805,TD,Farchana,Individual,XAF,1205000,2026-02-13T11:10:40Z,9,20,Closed,544.18,2214.34,LO-TD-027
210966693,B1164047,SS,Juba,Emergency,SSP,1090000,2026-05-08T06:39:31Z,4,20,Active,,,LO-SS-007
980541632,B2915329,RW,Kigeme,Individual,RWF,1200000,2026-04-17T13:27:31Z,6,20,ACTIVE,,,LO-RW-029
738243444,B1098151,RW,Kigeme,Emergency,RWF,720000,2026-03-13T14:23:44Z,3,20,Closed (obligations met),,,LO-RW-010
526460355,B8189074,KE,Dadaab,Individual,KES,79500,2026-05-20T06:04:33Z,9,24,Closed (obligations met),113.98,697.49,LO-KE-013
320197950,B6745514,RW,Mahama,Individual,RWF,1990000,2026-04-17T07:04:41Z,12,20,Closed,,,LO-RW-010
105218533,B9945358,ET,Addis Ababa,Group,ETB,94400.00,2026-06-24T05:06:15Z,6,18,Active,137.87,684.70,LO-ET-021
153343921,B6468363,TD,Abéché,Group,XAF,250000,2026-04-09T14:25:13Z,6,24,ACTIVE,,,LO-TD-009
784823783,B8063847,ET,Addis Ababa,Emergency,ETB,18000.00,2026-02-10T06:12:27Z,3,18,Closed,137.87,130.56,LO-ET-019
250701565,B3804526,SS,Gorom,Group,SSP,2370000,2026-01-16T12:42:25Z,6,24,ACTIVE,3925.23,603.79,LO-SS-023
892059026,B4782095,TD,N'Djamena,Individual,XAF,420000,2026-04-10T12:58:22Z,6,20,ACTIVE,495.93,846.89,LO-TD-002
881144618,B4506757,KE,Kakuma,Individual,KES,256000,2026-04-24T12:57:45Z,12,20,Closed,128.88,1986.34,LO-KE-005
579169693,B4093196,TD,Farchana,Individual,XAF,680000,2026-02-27T09:08:13Z,9,24,Active,495.93,1371.16,LO-TD-024
509276922,B1674222,RW,Kigeme,Individual,RWF,295000,2026-05-29T14:33:18Z,6,24,ACTIVE,0.000681,200.79,LO-RW-009
664722053,B6360931,TD,Farchana,Emergency,xaf,360000,2026-06-12T13:55:21Z,4,20,Closed,495.93,725.91,LO-TD-027
672965871,B6016472,SS,Juba,Individual,SSP,1720000,2026-03-12T13:29:44+02:00,6,24,Closed (obligations met),3925.23,438.19,LO-SS-019
254421954,B3646738,RW,Kigali,Group,RWF,210000,2026-06-24T14:03:43Z,6,20,Closed (obligations met),0.000682,143.17,LO-RW-025
901699224,B9850499,KE,Kakuma,Group,KES,68500,2026-04-21T12:07:42Z,9,24,Closed (obligations met),128.53,532.95,LO-KE-011
793007553,B7496240,SS,Gorom,Individual,SSP,3530000,2026-01-02T08:39:05Z,9,24,Closed (obligations met),4777.0,738.96,LO-SS-008
426299978,B1844919,SS,Gorom,Group,SSP,4410000,2026-01-02T13:32:10Z,9,18,Closed,4777.0,923.17,LO-SS-003
291593230,B5105233,ET,Addis Ababa,Individual,ETB,78100.00,2026-06-26T08:42:10Z,9,24,Active,174.49,447.59,LO-ET-013
498682392,B7873192,RW,Kigali,Group,RWF,620000,2026-05-07T10:48:36Z,6,18,active,1292.03,479.87,LO-RW-028
447004155,B4852965,RW,Kigeme,Individual,RWF,2145000,2026-06-02T06:50:00Z,9,24,active,1292.03,1660.18,LO-RW-010
489489907,B2484249,TD,Abéché,Group,XAF,185000,2026-06-18T14:39:12Z,9,24,ACTIVE,495.93,373.04,LO-TD-003
740834154,B9884386,KE,Dadaab,Individual,KES,127500,2026-04-23T09:47:35Z,12,20,Closed,113.98,1118.62,LO-KE-008
176395108,B6409144,KE,Kakuma,Group,KES,225000,2026-02-06T08:28:16Z,6,24,Closed,113.98,1974.03,LO-KE-013
755679474,B2265571,TD,Farchana,Group,XAF,1040000,2026-01-07T15:59:17Z,9,18,Active,554.89,1874.25,LO-TD-011
465207511,B7140411,RW,Kigali,Group,RWF,210000,2026-06-12T06:32:01Z,9,20,Closed (obligations met),1292.03,162.53,LO-RW-005
604338570,B3918620,KE,Nairobi,Emergency,KES,35000,2026-05-21T11:13:25Z,3,18,Active,113.98,307.07,LO-KE-003
119480668,B7807949,TD,Farchana,Individual,XAF,1115000,2026-02-13T10:07:50Z,12,24,ACTIVE,544.18,2048.95,LO-TD-021
473824063,B2384474,ET,Jijiga,Group,ETB,117500.00,2026-01-13T07:20:29Z,9,20,active,160.35,732.77,LO-ET-024
112470581,B9458060,SS,Juba,Individual,SSP,2740000,2026-01-07T06:41:33Z,12,20,Active,,,LO-SS-018
801725369,B5776033,TD,Farchana,Emergency,XAF,335000,2026-02-05T13:13:33Z,4,24,Active,545.67,613.92,LO-TD-011
257004550,B9335705,RW,Mahama,Emergency,rwf,865000,2026-06-09T16:50:56+02:00,4,20,Active,1467.64,589.38,LO-RW-011
570505900,B6012657,RW,Kigali,Individual,RWF,1445000,2026-03-06T10:45:23Z,9,24,ACTIVE,0.000689,995.89,LO-RW-011
698307064,B6767175,SS,Juba,Individual,SSP,2100000,2026-05-06T11:27:25Z,12,18,Closed (obligations met),3925.23,535.00,LO-SS-015
552450906,B1622220,RW,Kigeme,Group,RWF,2605000,2026-03-18T06:48:16Z,6,24,Closed,0.000687,1788.85,LO-RW-006
442286307,B2323729,ET,Melkadida,Group,ETB,98400.00,2026-02-18T11:41:47Z,6,18,Closed,137.87,713.72,LO-ET-023
457579815,B4727784,ET,Addis Ababa,Emergency,ETB,28300.00,2026-01-23T10:21:20Z,3,24,ACTIVE,,,LO-ET-027
408570277,B8375005,RW,Mahama,Group,RWF,2485000,2026-05-15T14:12:18Z,6,24,active,1292.03,1923.33,LO-RW-006
739637982,B2124425,KE,Dadaab,Emergency,KES,54000,2026-06-24T12:41:32Z,4,18,Closed,113.98,473.77,LO-KE-020
449541035,B6137327,SS,Juba,Individual,SSP,3630000,2026-01-16T13:58:22Z,12,24,Active,3925.23,924.79,LO-SS-020
424124462,B6445904,TD,Abéché,Group,XAF,1285000,2026-06-19T12:26:27Z,9,20,ACTIVE,495.93,2591.09,LO-TD-011
358074733,B4251214,TD,Farchana,Individual,XAF,1460000,2026-03-05T14:50:07Z,6,20,Active,495.93,2943.96,LO-TD-012
835160920,B6411610,RW,Kigeme,Group,RWF,1535000,2026-01-19T11:27:15Z,9,18,Active,1292.03,1188.05,LO-RW-014
217710384,B9356419,RW,Kigali,Group,RWF,2515000,2026-02-27T08:48:17Z,6,18,Active,1292.03,1946.55,LO-RW-011
174518520,B1756083,KE,Dadaab,Group,KES,195000,2026-03-19T15:50:26+03:00,6,18,Closed,127.91,1524.51,LO-KE-002
326310942,B3111760,TD,Abéché,Group,XAF,300000,2026-02-27T14:54:17Z,9,24,Active,0.001837,551.15,LO-TD-006
980383599,B1820040,KE,Kalobeyei,Individual,KES,276000,2026-01-02T11:53:56Z,12,20,Closed,113.98,2421.48,LO-KE-019
670609075,B6269754,ET,Jijiga,Group,ETB,68200.00,2026-04-09T11:10:44Z,9,18,Active,137.87,494.67,LO-ET-006
303436971,B4807568,SS,Juba,Individual,SSP,1850000,2026-05-22T10:45:35Z,12,24,Active,3925.23,471.31,LO-SS-013
241098244,B9431163,TD,Farchana,Individual,XAF,920000,2026-05-29T09:03:19Z,12,20,Active,495.93,1855.10,LO-TD-018
702807804,B1610733,TD,Farchana,Emergency,XAF,430000,2026-02-27T08:59:39Z,4,18,ACTIVE,495.93,867.06,LO-TD-012
538831590,B7711379,RW,Kigali,Individual,RWF,1625000,2026-04-13T10:44:28Z,9,20,active,1292.03,1257.71,LO-RW-008
976031595,B1359574,SS,Gorom,Group,SSP,4150000,2026-05-28T06:55:19Z,9,24,Closed,3925.23,1057.26,LO-SS-013
656140305,B9945887,TD,Abéché,Group,XAF,840000,2026-03-24T15:38:13Z,6,20,active,,,LO-TD-009
322085799,B5399994,ET,Addis Ababa,Emergency,ETB,13200.00,2026-01-21T07:59:35Z,4,24,Active,,,LO-ET-021
840789146,B7615117,KE,Kalobeyei,Emergency,KES,56000,2026-02-13T06:41:53Z,3,18,active,128.55,435.63,LO-KE-025
569010866,B8020944,RW,Kigeme,Emergency,RWF,445000,2026-04-07T12:40:10Z,4,24,Active,1292.03,344.42,LO-RW-030
374355641,B4013013,KE,Dadaab,Group,KES,189500,2026-01-23T12:54:31Z,6,20,ACTIVE,113.98,1662.57,LO-KE-015
198462606,B4491083,ET,Jijiga,Group,ETB,122700.00,2026-02-13T12:35:38Z,6,18,Active,137.87,889.97,LO-ET-021
889641484,B1198636,ET,Addis Ababa,Individual,ETB,25200.00,2026-05-08T11:56:59Z,6,18,active,,,LO-ET-018
691460550,B9846849,ET,Melkadida,Emergency,ETB,22500.00,2026-05-15T06:15:40Z,4,18,Active,137.87,163.20,LO-ET-016
536365974,B3145138,SS,Gorom,Emergency,SSP,2030000,2026-05-22T13:52:11Z,3,20,ACTIVE,,,LO-SS-008
656845543,B9493096,RW,Kigeme,Group,RWF,350000,2026-02-18T12:20:03Z,9,20,Closed (obligations met),,,LO-RW-019
216537725,B5363837,KE,Kalobeyei,Emergency,KES,44000,2026-06-05T07:20:05Z,4,24,ACTIVE,113.98,386.03,LO-KE-005
854365280,B4807568,SS,Juba,Emergency,SSP,840000,2026-01-09T06:46:37Z,4,24,Active,4834.9,173.74,LO-SS-024
435025473,B6342340,TD,N'Djamena,Group,XAF,105000,2026-03-09T08:12:38Z,9,20,active,,,LO-TD-028
952162054,B6343102,SS,Gorom,Emergency,SSP,870000,2026-02-13T14:56:41Z,3,24,Active,0.000198,172.50,LO-SS-028
386931124,B2047358,KE,Kalobeyei,Individual,KES,211500,2026-05-15T11:16:27Z,12,18,ACTIVE,113.98,1855.59,LO-KE-019
848266510,B9040365,SS,Juba,Group,SSP,3100000,2026-02-06T12:00:22Z,6,24,Closed (obligations met),5026.5,616.73,LO-SS-009
883828715,B9627477,ET,Jijiga,Group,ETB,135100.00,2026-06-29T05:14:02Z,9,20,Active,137.87,979.91,LO-ET-022
906344490,B5749750,SS,Juba,Individual,ssp,3220000,2026-04-10T08:23:45Z,9,18,Closed (obligations met),3925.23,820.33,LO-SS-014
699756310,B7162239,KE,Kakuma,Emergency,KES,39500,2026-01-26T11:37:11Z,3,24,active,113.98,346.55,LO-KE-009
534787871,B1445493,ET,Melkadida,Group,ETB,39100.00,2026-05-29T10:07:53Z,6,24,ACTIVE,169.94,230.08,LO-ET-029
910186093,B7690706,SS,Juba,Group,SSP,1930000,2026-04-28T14:04:52Z,9,24,ACTIVE,3925.23,491.69,LO-SS-015
852330471,B9561954,RW,Mahama,Group,RWF,2850000,2026-04-21T06:42:49Z,9,24,Active,0.000678,1931.88,LO-RW-013
297584643,B4480229,KE,Kalobeyei,Group,KES,245500,2026-03-13T09:22:54Z,9,18,Closed,0.007788,1911.99,LO-KE-028
514824825,B1844767,SS,Juba,Individual,SSP,"1,420,000",2026-03-17T08:50:05+02:00,9,20,Closed (obligations met),3925.23,361.76,LO-SS-013
629159492,B3222465,TD,Abéché,Emergency,XAF,395000,2026-06-12T07:12:00Z,4,24,Active,495.93,796.48,LO-TD-007
469716175,B9564152,TD,Abéché,Group,XAF,635000,2026-06-19T14:49:03Z,9,18,Closed,495.93,1280.42,LO-TD-003
992040540,B8435841,SS,Gorom,Group,ssp,4030000,2026-03-06T08:09:44Z,9,24,Active,3925.23,1026.69,LO-SS-027
574390633,B6584701,RW,Mahama,Group,RWF,2520000,2026-02-04T06:43:57Z,9,18,ACTIVE,1292.03,1950.42,LO-RW-015
333203768,B7154533,TD,Farchana,Individual,XAF,330000,2026-05-08T12:25:07Z,12,24,ACTIVE,,,LO-TD-004
338129887,B3392070,ET,Melkadida,Emergency,ETB,22900.00,2026-06-11T10:49:55Z,3,20,Active,137.87,166.10,LO-ET-028
851361963,B1242932,ET,Melkadida,Individual,ETB,111500.00,2026-05-20T05:22:47Z,6,18,Active,137.87,808.73,LO-ET-013
287307667,B3271883,TD,N'Djamena,Emergency,XAF,105000,2026-06-05T09:15:24Z,4,20,ACTIVE,495.93,211.72,LO-TD-003
987936153,B4389502,TD,Abéché,Emergency,XAF,275000,2026-04-24T15:39:13Z,3,20,Closed (obligations met),520.88,527.95,LO-TD-010
484795893,B4294288,TD,N'Djamena,Individual,XAF,1160000,2026-05-01T07:11:42Z,9,18,Active,517.39,2242.02,LO-TD-023
931515631,B8023748,ET,Addis Ababa,Group,ETB,149300.00,2026-06-24T10:17:41Z,6,24,Active,174.45,855.83,LO-ET-018
327708132,B2329369,RW,Mahama,Group,RWF,270000,2026-05-20T12:55:18+02:00,9,20,Closed,0.000676,182.48,LO-RW-013
618495260,B9007680,ET,Melkadida,Individual,ETB,121500.00,2026-03-24T06:19:42Z,9,18,Active,137.87,881.26,LO-ET-021
689832737,B1018519,TD,Abéché,Group,XAF,970000,2026-03-04T09:27:29Z,6,18,Active,,,LO-TD-003
439467276,B8096049,ET,Jijiga,Emergency,ETB,35800.00,2026-04-14T09:28:08Z,3,24,Active,137.87,259.66,LO-ET-008
324959799,B1844919,SS,Gorom,Group,SSP,4000000,2026-04-17T10:20:14Z,6,20,active,3925.23,1019.05,LO-SS-027
499654739,B8878594,TD,N'Djamena,Individual,XAF,365000,2026-04-24T08:25:03Z,9,20,active,495.93,735.99,LO-TD-020
580670575,B5373317,KE,Dadaab,Emergency,KES,41500,2026-05-28T09:53:35Z,3,18,active,113.98,364.10,LO-KE-025
303016581,B5147175,ET,Jijiga,Group,ETB,133500.00,2026-04-10T06:09:11Z,9,18,active,,,LO-ET-005
176258651,B9032728,KE,Kakuma,Individual,KES,114500,2026-05-22T09:29:08Z,9,18,Active,113.98,1004.56,LO-KE-025
880668270,B2956725,SS,Gorom,Individual,SSP,4490000,2026-05-28T09:51:55Z,6,24,Closed (obligations met),3925.23,1143.88,LO-SS-013
138436777,B7339963,RW,Kigeme,Emergency,RWF,635000,2026-01-15T12:36:54Z,3,24,Closed,1292.03,491.47,LO-RW-001
958306121,B6291969,RW,Kigeme,Emergency,RWF,570000,2026-01-02T09:36:49Z,3,24,Active,1292.03,441.17,LO-RW-015
955822420,B5127472,ET,Melkadida,Emergency,ETB,35600.00,2026-03-27T07:49:06Z,4,18,Active,137.87,258.21,LO-ET-003
799537650,B1625194,KE,Dadaab,Group,KES,36500,2026-05-26T12:23:50Z,6,20,active,0.007733,282.25,LO-KE-021
305613214,B9518454,RW,Mahama,Group,RWF,355000,2026-01-08T12:11:02Z,9,24,Active,,,LO-RW-020
128473652,B6439314,ET,Jijiga,Group,ETB,136100.00,2026-01-09T05:41:45Z,9,24,Active,137.87,987.16,LO-ET-022
305828628,B9723457,KE,Nairobi,Group,KES,245000,2026-06-09T08:03:01Z,9,20,Closed (obligations met),,,LO-KE-006
258067051,B2337595,RW,Mahama,Group,RWF,1095000,2026-05-15T12:49:49+02:00,6,24,Closed,,,LO-RW-018
486509642,B8573702,KE,Nairobi,Emergency,KES,82000,2026-04-24T09:32:42Z,3,24,Active,113.98,719.42,LO-KE-030
758886379,B8957345,TD,Abéché,Emergency,XAF,290 000,2026-01-22T15:26:30Z,3,18,active,,,LO-TD-010
784149124,B3644343,ET,Addis Ababa,Individual,ETB,141100.00,2026-04-01T07:02:09Z,9,24,active,162.41,868.79,LO-ET-030
343401559,B2140518,RW,Kigali,Emergency,RWF,240000,2026-02-20T12:53:37Z,3,20,ACTIVE,,,LO-RW-019
960105737,B6624173,RW,Kigali,Individual,RWF,1845000,2026-03-10T08:54:53Z,6,20,active,1452.23,1270.46,LO-RW-016
564680337,B8831958,TD,N'Djamena,Emergency,XAF,125000,2026-05-04T10:06:36Z,3,24,Closed,0.001920,240.03,LO-TD-014
565669918,B2323729,ET,Melkadida,Emergency,ETB,20800.00,2026-05-12T06:33:48Z,4,18,Closed,166.01,125.29,LO-ET-030
969265810,B4557059,RW,Kigali,Individual,RWF,2350000,2026-03-20T14:13:01Z,12,24,Closed (obligations met),1292.03,1818.84,LO-RW-028
591597903,B1413716,RW,Kigeme,Individual,RWF,2365000,2026-04-10T08:48:03Z,12,20,Closed (obligations met),1470.25,1608.57,LO-RW-002
990920213,B6687220,TD,N'Djamena,Group,XAF,465000,2026-05-01T13:25:41Z,6,24,Closed (obligations met),495.93,937.63,LO-TD-017
224482291,B7921863,KE,Dadaab,Emergency,KES,53000,2026-06-12T13:09:51Z,4,24,ACTIVE,130.75,405.35,LO-KE-012
615328042,B4640683,ET,Addis Ababa,Emergency,ETB,36100.00,2026-02-10T05:59:25Z,3,18,ACTIVE,0.006013,217.08,LO-ET-019
207172809,B6679291,TD,Farchana,Individual,XAF,1040000,2026-05-01T07:09:03Z,12,18,ACTIVE,,,LO-TD-016
549780354,B1198636,ET,Addis Ababa,Individual,ETB,75600.00,2026-02-05T13:00:47Z,12,20,Closed (obligations met),137.87,548.34,LO-ET-008
854765866,B3064139,RW,Kigali,Individual,RWF,1055000,2026-01-23T10:43:07Z,12,24,Active,1292.03,816.54,LO-RW-022
268019072,B5978512,TD,N'Djamena,Group,XAF,1160000,2026-05-25T11:10:55Z,6,24,ACTIVE,495.93,2339.04,LO-TD-001
981253860,B5015953,SS,Juba,Individual,SSP,3380000,2026-05-29T10:30:03Z,12,18,Active,3925.23,861.10,LO-SS-027
458182472,B1164047,SS,Juba,Group,SSP,7270000,2026-01-13T06:53:57Z,9,18,Closed,3925.23,1852.12,LO-SS-029
573956880,B6743486,SS,Gorom,Group,SSP,7240000,2026-02-26T06:16:49Z,6,20,ACTIVE,3925.23,1844.48,LO-SS-007
389309868,B6511118,ET,Melkadida,Emergency,ETB,23800.00,2026-01-09T10:45:19Z,4,18,ACTIVE,137.87,172.63,LO-ET-007
390418256,B8435841,SS,Gorom,Emergency,SSP,840000,2026-06-02T08:28:08Z,4,20,Active,3925.23,214.00,LO-SS-014
738293456,B8767740,ET,Addis Ababa,Individual,ETB,76100.00,2026-03-02T07:13:26Z,9,24,active,,,LO-ET-004
380191966,B9700887,SS,Juba,Individual,SSP,5710000,2026-05-28T07:01:32Z,12,20,Active,3925.23,1454.69,LO-SS-016
850532821,B7852060,TD,N'Djamena,Emergency,xaf,145 000,2026-06-05T14:30:29Z,3,24,ACTIVE,495.93,292.38,LO-TD-007
419931106,B3506701,SS,Juba,Group,SSP,1930000,2026-05-21T12:14:02Z,6,18,Closed,3925.23,491.69,LO-SS-013
119263570,B1030380,TD,Farchana,Individual,XAF,580000,2026-04-03T15:29:29Z,12,18,active,495.93,1169.52,LO-TD-004
137191515,B3646738,RW,Kigali,Group,RWF,2345000,2026-02-04T10:06:49Z,9,18,Active,1446.47,1621.19,LO-RW-006
894286190,B2047358,KE,Kalobeyei,Group,KES,42500,2026-02-04T10:02:06Z,6,24,Active,113.98,372.87,LO-KE-014
990422559,B8695768,SS,Juba,Emergency,SSP,1210000,2026-03-06T11:17:20Z,3,24,Closed,3925.23,308.26,LO-SS-014
584802352,B6058620,TD,Farchana,Emergency,XAF,285000,2026-05-22T10:25:05Z,4,20,Active,495.93,574.68,LO-TD-025
903612385,B3290012,TD,Abéché,Individual,XAF,1375000,2026-06-26T11:40:30Z,9,20,Closed,495.93,2772.57,LO-TD-002
835995435,B2044888,RW,Kigali,Emergency,RWF,685000,2026-05-15T13:15:24Z,3,18,Active,0.000676,463.01,LO-RW-019
166710441,B4027856,KE,Kalobeyei,Emergency,KES,33500,2026-01-01T10:53:04Z,4,20,Closed (obligations met),130.38,256.94,LO-KE-007
211932292,B3120926,KE,Dadaab,Group,Ksh,59500,2026-01-26T10:03:06Z,6,20,Active,129.24,460.38,LO-KE-027
353940893,B7020869,RW,Kigeme,Group,RWF,1560000,2026-05-08T10:55:19Z,6,24,active,1484.28,1051.01,LO-RW-027
372272311,B1909574,ET,Melkadida,Individual,ETB,"124,200.00",2026-06-02T12:13:19Z,6,18,Active,137.87,900.85,LO-ET-007
715716918,B7311702,KE,Nairobi,Group,KES,99500,2026-02-12T06:57:53Z,9,18,Active,128.89,771.98,LO-KE-005
633075408,B5636504,SS,Juba,Emergency,SSP,1130000,2026-06-01T10:34:35Z,3,20,Active,5820.7,194.13,LO-SS-025
853198129,B8982960,RW,Mahama,Emergency,RWF,275000,2026-05-18T09:48:34Z,4,20,ACTIVE,1292.03,212.84,LO-RW-020
359025439,B3748114,RW,Mahama,Individual,RWF,810000,2026-01-27T11:08:58Z,9,20,Closed (obligations met),1449.99,558.62,LO-RW-029
149510215,B8662642,TD,Abéché,Group,XAF,1 175 000,2026-02-06T13:14:30Z,9,18,active,,,LO-TD-030
250328666,B6928150,ET,Melkadida,Emergency,ETB,19700.00,2026-05-01T10:03:06Z,3,18,Closed (obligations met),,,LO-ET-004
432971345,B8086521,RW,Kigeme,Emergency,RWF,"655,000",2026-03-16T07:57:52Z,3,24,Active,1292.03,506.95,LO-RW-002
486322343,B8878594,TD,N'Djamena,Individual,XAF,265000,2026-01-27T11:39:42Z,6,18,active,0.001825,483.64,LO-TD-006
451046085,B1789792,KE,Dadaab,Group,KES,223000,2026-01-23T10:28:35Z,6,20,Closed (obligations met),129.37,1723.74,LO-KE-004
863810049,B9515847,ET,Addis Ababa,Group,ETB,"50,800.00",2026-01-29T09:03:49Z,6,20,ACTIVE,137.87,368.46,LO-ET-011
673415643,B2787522,SS,Gorom,Group,SSP,6090000,2026-03-27T12:15:06Z,9,24,Closed,3925.23,1551.50,LO-SS-016
399941219,B5101662,ET,Jijiga,Emergency,ETB,44900.00,2026-05-05T13:27:45Z,4,18,Active,137.87,325.67,LO-ET-005
174765781,B1891177,KE,Dadaab,Emergency,KES,32000,2026-05-12T10:23:44Z,4,20,Closed (obligations met),113.98,280.75,LO-KE-014
691803136,B7670622,TD,N'Djamena,Group,XAF,1230000,2026-01-30T14:35:37Z,6,18,ACTIVE,495.93,2480.19,LO-TD-006
981427097,B4659243,RW,Kigali,Individual,RWF,1205000,2026-02-03T12:33:49Z,9,24,active,1448.6,831.84,LO-RW-020
142973782,B6523727,TD,N'Djamena,Individual,XAF,640000,2026-05-27T14:29:07Z,6,24,Active,,,LO-TD-009
568563481,B8325617,TD,Abéché,Group,XAF,540000,2026-02-13T13:17:38Z,9,24,Closed (obligations met),495.93,1088.86,LO-TD-027
244751924,B8136601,KE,Kakuma,Group,KES,228000,2026-06-05T08:43:40Z,6,20,active,113.98,2000.35,LO-KE-030
324838207,B1044677,RW,Kigeme,Group,RWF,1480000,2026-01-02T14:18:42Z,9,18,Closed (obligations met),1292.03,1145.48,LO-RW-010
570626256,B2262451,KE,Nairobi,Individual,KES,286500,2026-06-09T09:17:21Z,9,24,ACTIVE,113.98,2513.60,LO-KE-024
172697420,B7665618,ET,Melkadida,Group,ETB,99700.00,2026-04-20T07:13:47Z,9,20,Active,,,LO-ET-002
330372269,B7573605,KE,Dadaab,Individual,KES,154500,2026-02-02T08:57:55Z,6,18,Active,113.98,1355.50,LO-KE-016
137739477,B6409924,ET,Addis Ababa,Group,ETB,76400.00,2026-06-26T08:09:54Z,6,24,Closed (obligations met),0.005731,437.85,LO-ET-011
403781108,B5395262,SS,Juba,Emergency,SSP,2140000,2026-05-05T07:17:25Z,4,20,Closed (obligations met),0.000176,375.80,LO-SS-016
816964888,B8864670,TD,N'Djamena,Individual,XAF,1320000,2026-06-04T09:25:50Z,9,20,active,,,LO-TD-006
494242419,B3290012,TD,Abéché,Emergency,XAF,155000,2026-03-02T13:19:19Z,4,20,active,0.001843,285.63,LO-TD-015
609017214,B2484249,TD,Abéché,Individual,XAF,525000,2026-02-02T09:23:48Z,12,24,Closed (obligations met),548.3,957.51,LO-TD-025
886332798,B7013075,KE,Kalobeyei,Group,KES,141000,2026-06-25T10:59:48Z,9,24,Closed (obligations met),113.98,1237.06,LO-KE-002
522530211,B6277299,KE,Nairobi,Emergency,KES,67000,2026-04-24T05:10:22Z,4,18,Closed,113.98,587.82,LO-KE-022
333928124,B1090777,SS,Gorom,Individual,SSP,6980000,2026-06-16T10:12:57Z,6,20,Closed,0.000171,1192.69,LO-SS-019
888356906,B3145397,KE,Kakuma,Emergency,KES,48000,2026-05-28T12:13:32Z,4,20,Closed,113.98,421.13,LO-KE-015
147064988,B7432000,SS,Gorom,Emergency,SSP,950000,2026-01-29T14:16:24Z,3,18,Closed,0.000202,191.76,LO-SS-022
283567944,B6857173,KE,Kalobeyei,Emergency,KES,42500,2026-01-14T12:55:01Z,4,20,active,113.98,372.87,LO-KE-001
283738420,B5722007,ET,Melkadida,Emergency,ETB,39000.00,2026-06-19T06:39:42Z,4,20,Active,,,LO-ET-017
526987256,B3077212,TD,Farchana,Group,XAF,890000,2026-02-23T13:41:16Z,6,24,Active,495.93,1794.61,LO-TD-030
748235096,B3513114,KE,Kalobeyei,Emergency,KES,73000,2026-02-17T05:32:20Z,4,24,Closed (obligations met),113.98,640.46,LO-KE-010
160735279,B7683933,RW,Mahama,Individual,RWF,950000,2026-01-21T06:54:58Z,12,18,Closed,1292.03,735.28,LO-RW-023
844102233,B9490451,RW,Kigeme,Emergency,RWF,610000,2026-05-27T06:07:44Z,3,18,Active,,,LO-RW-018
510963042,B2265571,TD,Farchana,Group,XAF,1020000,2026-04-13T12:02:50Z,9,20,Closed,,,LO-TD-012
198197446,B8597157,SS,Juba,Emergency,SSP,1470000,2026-02-18T13:15:24Z,4,24,Closed (obligations met),0.000194,285.52,LO-SS-019
679451073,B3748114,RW,Mahama,Individual,RWF,2380000,2026-05-04T06:08:51Z,9,20,Closed (obligations met),1482.36,1605.55,LO-RW-026
631716695,B6978128,RW,Kigali,Group,RWF,1955000,2026-01-09T11:05:25Z,6,18,Active,,,LO-RW-010
596763438,B5402812,KE,Nairobi,Individual,KES,154000,2026-01-06T06:11:43Z,9,20,Active,130.67,1178.54,LO-KE-001
916273172,B4857727,ET,Addis Ababa,Emergency,ETB,39700.00,2026-02-04T12:38:56Z,4,24,Closed,137.87,287.95,LO-ET-004
687716257,B6511118,ET,Melkadida,Individual,ETB,27500.00,2026-06-15T12:05:44Z,12,24,Closed,174.56,157.54,LO-ET-021
384574370,B9627477,ET,Jijiga,Emergency,ETB,"32,500.00",2026-03-30T05:47:50Z,3,20,Active,137.87,235.73,LO-ET-014
836454625,B6797651,RW,Kigali,Individual,RWF,575000,2026-06-04T10:37:21Z,12,24,Closed,0.000682,391.98,LO-RW-010
122549373,B9223331,KE,Dadaab,Individual,KES,214500,2026-06-22T07:31:52Z,12,18,Active,113.98,1881.91,LO-KE-015
520632667,B2871129,SS,Juba,Group,SSP,2240000,2026-06-05T12:15:39Z,6,20,Active,3925.23,570.67,LO-SS-015
735875101,B3609487,SS,Gorom,Group,SSP,3530000,2026-03-02T07:25:36Z,6,24,Active,3925.23,899.31,LO-SS-024
810591886,B1044720,KE,Kakuma,Emergency,KES,21000,2026-03-11T11:34:22Z,4,18,active,113.98,184.24,LO-KE-018
177755837,B1807859,RW,Kigeme,Individual,RWF,265000,2026-02-05T08:21:39Z,9,18,Closed (obligations met),1292.03,205.10,LO-RW-003
913566648,B6493733,SS,Juba,Group,SSP,930000,2026-03-27T07:28:24Z,9,18,active,5151.0,180.55,LO-SS-014
722225759,B8699518,TD,Farchana,Emergency,XAF,185000,2026-02-13T15:11:33Z,4,20,Closed (obligations met),0.001838,339.96,LO-TD-001
171598785,B3080275,ET,Jijiga,Emergency,ETB,16100.00,2026-01-06T11:21:10Z,3,20,Active,0.006277,101.05,LO-ET-009
204483756,B8080090,SS,Gorom,Emergency,SSP,1400000,2026-03-13T12:42:54+02:00,3,24,Active,,,LO-SS-022
894182494,B8314174,TD,Abéché,Group,XAF,1255000,2026-03-12T14:22:36Z,6,24,Active,,,LO-TD-016
206908515,B4782095,TD,N'Djamena,Group,XAF,810000,2026-01-16T15:36:32Z,6,20,Active,495.93,1633.30,LO-TD-024
677267370,B4073074,TD,Abéché,Emergency,XAF,170000,2026-02-26T15:51:42Z,3,24,ACTIVE,495.93,342.79,LO-TD-016
147686766,B6109409,ET,Addis Ababa,Group,ETB,50200.00,2026-03-23T14:11:09+03:00,9,24,ACTIVE,137.87,364.11,LO-ET-005
390217963,B9019230,KE,Kakuma,Individual,KES,218500,2026-02-11T11:17:15Z,9,20,Active,113.98,1917.00,LO-KE-016
746233843,B5185399,TD,Abéché,Emergency,XAF,115000,2026-01-01T09:52:41Z,3,20,Active,495.93,231.89,LO-TD-019
452419538,B7738510,TD,Farchana,Individual,XAF,805000,2026-04-10T14:29:03Z,9,24,Closed (obligations met),528.76,1522.43,LO-TD-017
230914951,B2204453,SS,Juba,Emergency,SSP,830000,2026-05-08T06:26:12Z,4,18,Closed,3925.23,211.45,LO-SS-011
675203843,B1085498,RW,Kigeme,Group,RWF,2470000,2026-02-13T14:45:42Z,9,24,Active,,,LO-RW-027
519536544,B6493733,SS,Juba,Emergency,SSP,1600000,2026-06-12T10:19:25Z,4,24,Closed,6047.4,264.58,LO-SS-010
634415255,B3174673,ET,Melkadida,Group,ETB,86800.00,2026-05-29T06:14:37Z,9,18,Active,137.87,629.58,LO-ET-024
562014389,B5552929,ET,Melkadida,Individual,ETB,48300.00,2026-04-23T05:34:00Z,6,18,Active,0.006112,295.21,LO-ET-014
770800794,B1243222,SS,Gorom,Group,ssp,6720000,2026-05-15T06:08:58Z,6,24,Closed,3925.23,1712.00,LO-SS-019
840938529,B7101471,SS,Gorom,Individual,SSP,3460000,2026-02-11T08:29:52Z,12,24,Closed (obligations met),5134.1,673.93,LO-SS-002
992367796,B8189074,KE,Dadaab,Emergency,KES,38500,2026-01-08T07:11:38Z,3,24,Active,113.98,337.78,LO-KE-003
275585993,B5904547,RW,Mahama,Individual,RWF,2820000,2026-02-13T13:30:20Z,9,24,Closed,1292.03,2182.61,LO-RW-007
115481773,B7092498,RW,Mahama,Emergency,RWF,340000,2026-05-01T08:29:01Z,4,20,Active,1292.03,263.15,LO-RW-011
154317520,B4638443,ET,Addis Ababa,Individual,ETB,59400.00,2026-06-26T07:03:24Z,9,24,Closed (obligations met),,,LO-ET-028
282533098,B7830668,SS,Juba,Emergency,SSP,1940000,2026-01-22T11:58:02Z,4,18,Closed (obligations met),3925.23,494.24,LO-SS-025
753929470,B3088844,SS,Juba,Individual,SSP,7140000,2026-04-21T10:23:54Z,6,20,Active,3925.23,1819.00,LO-SS-024
455413760,B4288023,RW,Kigeme,Group,RWF,770000,2026-02-23T13:55:42Z,9,24,ACTIVE,1451.93,530.33,LO-RW-023
888303128,B6520897,SS,Juba,Individual,SSP,1720000,2026-04-03T14:40:42Z,12,24,active,0.000187,321.06,LO-SS-013
738586459,B4574301,KE,Dadaab,Emergency,KES,28500,2026-02-20T08:32:34Z,4,18,Active,113.98,250.04,LO-KE-012
198380527,B2849157,KE,Nairobi,Emergency,KES,67000,2026-04-20T13:50:34Z,4,24,Active,128.44,521.64,LO-KE-014
927185794,B6409924,ET,Addis Ababa,Emergency,ETB,38800.00,2026-03-05T05:27:07Z,4,24,active,137.87,281.42,LO-ET-004
947166853,B8079256,TD,Abéché,Emergency,XAF,440000,2026-05-08T08:43:01Z,3,18,Active,0.001915,842.43,LO-TD-003
229339558,B7359712,RW,Kigeme,Individual,RWF,1735000,2026-01-02T12:09:05Z,9,18,Closed,1292.03,1342.85,LO-RW-025
515468579,B2283000,TD,Abéché,Individual,XAF,170000,2026-02-04T11:12:15Z,6,18,Active,495.93,342.79,LO-TD-006
526307354,B6517883,ET,Jijiga,Individual,ETB,144800.00,2026-01-16T08:16:28Z,6,20,Closed (obligations met),137.87,1050.26,LO-ET-001
854669503,B1018519,TD,Abéché,Group,XAF,1300000,2026-06-23T11:55:18Z,9,24,Closed,495.93,2621.34,LO-TD-012
340268265,B1365561,SS,Juba,Emergency,SSP,1290000,2026-05-22T07:12:34Z,4,18,Closed (obligations met),3925.23,328.64,LO-SS-011
237705265,B8159570,ET,Jijiga,Emergency,ETB,41300.00,2026-02-23T10:17:17Z,4,20,active,137.87,299.56,LO-ET-024
339967557,B6891992,KE,Dadaab,Group,KES,93000,2026-04-15T11:47:17Z,9,20,Closed,113.98,815.93,LO-KE-002
981800864,B9947759,SS,Gorom,Emergency,SSP,1640000,2026-05-04T12:25:04Z,3,24,active,5673.1,289.08,LO-SS-010
228292426,B1961033,ET,Addis Ababa,Group,ETB,108600.00,2026-04-17T10:11:23Z,9,24,Active,137.87,787.70,LO-ET-026
663718324,B3261737,TD,Farchana,Group,XAF,1 195 000,2026-06-24T11:08:09Z,9,20,Active,526.82,2268.33,LO-TD-006
379621051,B5465323,ET,Melkadida,Group,ETB,121100.00,2026-05-21T08:48:50Z,6,24,Active,137.87,878.36,LO-ET-008
449024902,B2012502,KE,Nairobi,Individual,KES,94500,2026-04-06T07:26:01Z,6,20,Closed (obligations met),113.98,829.09,LO-KE-012
505766440,B5636504,SS,Juba,Individual,SSP,3150000,2026-03-03T12:11:37Z,6,24,active,0.000197,620.85,LO-SS-008
338067079,B2894325,SS,Gorom,Group,SSP,5890000,2026-01-30T10:11:23Z,6,20,Closed (obligations met),3925.23,1500.55,LO-SS-026
752252924,B7339963,RW,Kigeme,Group,RWF,2355000,2026-06-24T10:13:24Z,9,18,active,1292.03,1822.71,LO-RW-007
498902026,B9421641,RW,Mahama,Individual,RWF,1645000,2026-02-09T07:29:53Z,6,20,ACTIVE,,,LO-RW-002
596142718,B4242850,SS,Juba,Emergency,SSP,2100000,2026-03-19T14:17:24Z,3,18,Closed,,,LO-SS-026
801803899,B2604830,TD,Abéché,Individual,XAF,955000,2026-03-10T14:51:41+01:00,12,20,Closed (obligations met),495.93,1925.67,LO-TD-023
493453686,B7807949,TD,Farchana,Emergency,XAF,315000,2026-05-25T15:52:03Z,3,24,Active,495.93,635.17,LO-TD-006
725686429,B6433513,ET,Jijiga,Emergency,ETB,40500.00,2026-02-06T09:39:04+03:00,4,20,ACTIVE,137.87,293.75,LO-ET-005
361018961,B2372805,TD,Farchana,Individual,XAF,150000,2026-05-29T10:44:56Z,9,20,ACTIVE,495.93,302.46,LO-TD-008
349576704,B8831958,TD,N'Djamena,Individual,XAF,1345000,2026-01-07T09:29:18Z,12,20,Active,0.001802,2423.90,LO-TD-004
316377713,B6830781,KE,Nairobi,Group,KES,99500,2026-04-02T13:45:36Z,9,20,Active,127.2,782.23,LO-KE-003
359280022,B4073074,TD,Abéché,Emergency,XAF,205000,2026-05-18T14:10:57Z,4,20,Active,495.93,413.36,LO-TD-020
781524429,B7901241,SS,Juba,Individual,SSP,500000,2026-04-09T12:55:26Z,6,18,active,3925.23,127.38,LO-SS-024
866920433,B4505100,SS,Juba,Emergency,SSP,720000,2026-04-14T08:47:40Z,4,18,Closed,,,LO-SS-006
758645515,B9204028,SS,Gorom,Group,SSP,7340000,2026-05-05T14:07:40Z,6,18,ACTIVE,3925.23,1869.95,LO-SS-030
882232699,B6418334,SS,Gorom,Emergency,SSP,1030000,2026-04-07T13:56:24Z,3,20,Closed,3925.23,262.41,LO-SS-001
846295859,B4145164,SS,Gorom,Individual,SSP,1450000,2026-05-21T12:58:55Z,6,18,ACTIVE,5818.1,249.22,LO-SS-018
894693869,B2211265,ET,Jijiga,Group,ETB,57300.00,2026-04-09T05:52:22Z,9,18,Closed (obligations met),163.3,350.89,LO-ET-013
841619737,B7681473,TD,Farchana,Emergency,XAF,180000,2026-05-08T14:25:26Z,4,18,Closed (obligations met),0.001915,344.63,LO-TD-018
700174275,B9050012,KE,Kalobeyei,Group,KES,250000,2026-03-18T06:38:26Z,6,18,Active,0.007811,1952.82,LO-KE-028
495092299,B2329369,RW,Mahama,Emergency,RWF,465000,2026-01-19T06:27:12Z,4,20,ACTIVE,0.000691,321.27,LO-RW-019
239706898,B1401169,RW,Kigeme,Emergency,RWF,460000,2026-05-28T07:12:27Z,3,18,Closed,1292.03,356.03,LO-RW-026
386591847,B1727674,ET,Addis Ababa,Individual,ETB,124700.00,2026-02-13T12:39:06Z,12,18,active,137.87,904.48,LO-ET-005
701783756,B3639286,SS,Gorom,Individual,SSP,900000,2026-06-26T11:04:53Z,12,18,Active,5633.5,159.76,LO-SS-029
205563339,B5704199,ET,Melkadida,Emergency,ETB,23800.00,2026-05-04T05:13:40Z,4,24,Active,,,LO-ET-011
615759378,B5853377,TD,N'Djamena,Group,XAF,855000,2026-03-17T13:08:43Z,9,18,Closed,495.93,1724.03,LO-TD-030
370159815,B8090509,ET,Melkadida,Individual,ETB,108700.00,2026-03-13T08:47:12Z,9,18,Closed (obligations met),167.64,648.41,LO-ET-029
653676617,B9932466,KE,Kalobeyei,Emergency,KES,68000,2026-01-16T07:49:11Z,4,20,Active,0.007695,523.28,LO-KE-008
595611093,B1551155,ET,Jijiga,Individual,etb,24500.00,2026-06-26T08:22:17Z,9,18,Active,137.87,177.70,LO-ET-001
641371665,B3261737,TD,Farchana,Emergency,XAF,300 000,2026-03-18T13:38:11Z,3,24,Closed,534.45,561.32,LO-TD-025
304436201,B4797734,SS,Juba,Group,SSP,6650000,2026-05-15T13:08:33Z,6,24,ACTIVE,,,LO-SS-004
311953078,B4107259,KE,Kalobeyei,Individual,KES,273500,2026-04-29T12:42:20Z,9,20,active,,,LO-KE-012
432208470,B3961197,KE,Nairobi,Individual,KES,103000,2026-06-04T07:04:01Z,12,24,active,131.09,785.72,LO-KE-020
706100722,B1973815,TD,Abéché,Group,XAF,680000,2026-06-18T10:40:55Z,9,24,Active,0.001909,1297.88,LO-TD-007
371671987,B7787197,RW,Mahama,Individual,RWF,1820000,2026-04-10T11:33:12Z,6,24,ACTIVE,0.000680,1237.88,LO-RW-006
880685686,B3342374,ET,Addis Ababa,Emergency,ETB,21500.00,2026-03-27T07:45:14Z,4,24,Closed,137.87,155.94,LO-ET-010
580386853,B3741682,TD,Farchana,Individual,XAF,1035000,2026-03-02T07:00:28Z,12,24,active,0.001843,1907.27,LO-TD-004
988747364,B6228042,SS,Gorom,Group,ssp,6130000,2026-01-09T14:46:34Z,6,18,active,3925.23,1561.69,LO-SS-016
803606339,B1005089,ET,Jijiga,Emergency,ETB,37900.00,2026-01-19T05:57:23Z,3,24,Closed,,,LO-ET-016
569061974,B8699518,TD,Farchana,Individual,XAF,480000,2026-05-15T09:36:07Z,6,20,active,495.93,967.88,LO-TD-009
488091483,B4638443,ET,Addis Ababa,Emergency,ETB,35400.00,2026-03-06T11:01:30Z,4,18,Active,0.005955,210.81,LO-ET-012
850240251,B2527899,SS,Juba,Emergency,SSP,2050000,2026-06-12T13:46:00Z,4,20,Closed (obligations met),,,LO-SS-024
678874247,B7053622,RW,Kigali,Emergency,RWF,615000,2026-01-30T09:18:51Z,4,18,Active,1292.03,476.00,LO-RW-016
221238470,B8732602,TD,Farchana,Emergency,XAF,175000,2026-06-01T12:10:30Z,4,24,Active,,,LO-TD-018
515389013,B4901805,RW,Mahama,Emergency,RWF,265000,2026-03-27T14:54:37Z,3,20,ACTIVE,1292.03,205.10,LO-RW-006
915543847,B6797651,RW,Kigali,Group,RWF,1195000,2026-03-27T13:52:07Z,9,24,Closed (obligations met),1464.31,816.08,LO-RW-008
703207029,B2506024,TD,Farchana,Emergency,XAF,130000,2026-06-22T09:03:11Z,3,18,ACTIVE,0.001903,247.38,LO-TD-029
605757240,B3285355,KE,Dadaab,Group,KES,274000,2026-01-08T11:17:05Z,9,24,Closed,113.98,2403.93,LO-KE-011
709226940,B2923855,TD,N'Djamena,Individual,XAF,610000,2026-01-22T08:09:57Z,6,18,active,,,LO-TD-007
510769386,B1149872,RW,Kigeme,Emergency,rwf,635000,2026-01-26T14:44:15Z,4,20,active,0.000690,438.19,LO-RW-004
168544769,B1147396,KE,Kakuma,Group,KES,147000,2026-05-22T07:33:23Z,6,18,Closed (obligations met),0.007762,1140.95,LO-KE-017
734554461,B1476665,TD,N'Djamena,Emergency,xaf,365000,2026-01-14T15:12:04Z,4,20,Active,495.93,735.99,LO-TD-015
319791202,B1105639,SS,Juba,Individual,SSP,3520000,2026-06-22T11:57:53Z,12,20,Active,0.000178,626.81,LO-SS-018
935736068,B1510716,SS,Gorom,Individual,SSP,7950000,2026-02-18T11:03:18Z,6,20,Closed (obligations met),3925.23,2025.36,LO-SS-008
897096409,B4202606,ET,Jijiga,Group,ETB,72700.00,2026-03-27T13:45:18Z,9,20,Closed (obligations met),,,LO-ET-025
617600395,B2595534,SS,Gorom,Emergency,SSP,1150000,2026-04-16T11:52:57Z,4,18,Closed,3925.23,292.98,LO-SS-027
742726969,B9547746,TD,Farchana,Group,XAF,695000,2026-03-13T09:10:36Z,9,24,Active,495.93,1401.41,LO-TD-014
813720398,B9429356,KE,Kakuma,Group,KES,280500,2026-03-20T13:07:13Z,6,18,Active,,,LO-KE-030
504782610,B3781516,SS,Juba,Individual,SSP,690000,2026-02-09T11:57:57Z,12,24,Closed,,,LO-SS-005
181869236,B6875620,SS,Juba,Group,SSP,1060000,2026-03-23T13:17:27Z,9,20,Closed,,,LO-SS-009
768836597,B9945887,TD,Abéché,Group,XAF,835000,2026-06-19T10:23:24Z,6,24,Active,,,LO-TD-029
195202110,B9005754,RW,Kigali,Group,RWF,1380000,2026-02-13T12:31:15Z,6,20,Active,,,LO-RW-007
782816117,B9561954,RW,Mahama,Individual,RWF,2015000,2026-01-08T09:04:37Z,6,24,active,1292.03,1559.56,LO-RW-021
846473145,B2671008,KE,Dadaab,Group,KES,271500,2026-02-06T11:02:15Z,6,18,ACTIVE,113.98,2382.00,LO-KE-024
296178885,B3758848,SS,Gorom,Individual,SSP,1690000,2026-04-22T09:54:18Z,6,24,Active,0.000180,304.61,LO-SS-019
183030637,B9990750,TD,N'Djamena,Individual,XAF,870000,2026-06-15T10:19:04Z,6,20,Active,495.93,1754.28,LO-TD-017
292670672,B5313787,SS,Juba,Individual,SSP,6220000,2026-03-03T16:09:00+02:00,6,24,Closed,3925.23,1584.62,LO-SS-006
830734832,B9073137,RW,Kigeme,Group,RWF,2935000,2026-02-03T10:31:53Z,6,24,Active,1448.6,2026.09,LO-RW-005
775522883,B6658103,KE,Kakuma,Group,KES,183000,2026-02-13T05:44:51Z,9,24,ACTIVE,113.98,1605.54,LO-KE-009
298608782,B3200201,ET,Jijiga,Emergency,ETB,43500.00,2026-01-02T08:26:08Z,3,20,Closed,137.87,315.51,LO-ET-002
515320300,B6244765,SS,Gorom,Individual,SSP,2370000,2026-04-20T10:23:37Z,12,24,active,5511.0,430.05,LO-SS-029
908764049,B4202606,ET,Jijiga,Emergency,ETB,43000.00,2026-06-24T13:45:22Z,4,20,active,,,LO-ET-016
878742257,B6354656,RW,Kigali,Emergency,RWF,"205,000",2026-06-22T12:36:11Z,4,18,Closed,,,LO-RW-012
363737951,B3931128,RW,Mahama,Emergency,RWF,565000,2026-04-10T12:34:31Z,3,20,Active,,,LO-RW-017
726640557,B8533015,ET,Addis Ababa,Emergency,ETB,16500.00,2026-04-28T09:11:49Z,4,18,ACTIVE,,,LO-ET-013
558371055,B1131496,KE,Dadaab,Emergency,KES,52500,2026-05-26T11:13:40Z,4,24,Closed,,,LO-KE-024
406373828,B5635026,KE,Dadaab,Group,KES,107500,2026-01-20T12:06:43Z,6,24,Active,113.98,943.15,LO-KE-024
196506181,B7873192,RW,Kigali,Emergency,RWF,"590,000",2026-01-16T09:01:12Z,3,18,active,1444.48,408.45,LO-RW-024
146280727,B6445639,KE,Kalobeyei,Individual,KES,212000,2026-05-22T05:44:35Z,6,24,ACTIVE,113.98,1859.98,LO-KE-011
780400293,B1973815,TD,Abéché,Individual,XAF,465000,2026-01-23T14:31:11Z,6,24,active,553.1,840.72,LO-TD-011
382927932,B6468363,TD,Abéché,Individual,XAF,435000,2026-01-20T12:51:17Z,6,18,active,495.93,877.14,LO-TD-014
803815307,B3707089,RW,Kigali,Emergency,RWF,640000,2026-05-01T11:39:09+02:00,3,20,Closed (obligations met),1478.48,432.88,LO-RW-029
226520847,B5813977,RW,Kigeme,Individual,RWF,950000,2026-03-02T07:39:55Z,9,20,Active,1450.32,655.03,LO-RW-015
942063088,B3151293,KE,Dadaab,Emergency,KES,74500,2026-04-22T09:47:30Z,4,18,Closed,113.98,653.62,LO-KE-025
407159600,B5261958,ET,Melkadida,Group,ETB,122200.00,2026-03-11T06:35:48Z,9,20,Active,137.87,886.34,LO-ET-027
370796204,B7830668,SS,Juba,Group,SSP,2420000,2026-05-06T13:19:56Z,6,20,Active,3925.23,616.52,LO-SS-018
189242498,B7496240,SS,Gorom,Individual,ssp,4300000,2026-05-06T10:19:02Z,6,20,active,0.000177,759.89,LO-SS-009
447086275,B3644343,ET,Addis Ababa,Individual,ETB,104700.00,2026-01-23T13:49:04Z,6,24,active,,,LO-ET-014
953731995,B2759127,KE,Kalobeyei,Individual,KES,141000,2026-01-16T08:47:06Z,9,24,active,113.98,1237.06,LO-KE-019
355375927,B6324850,TD,N'Djamena,Individual,XAF,555000,2026-04-15T13:28:37Z,6,18,ACTIVE,,,LO-TD-011
499129104,B2799401,KE,Nairobi,Emergency,KES,77500,2026-01-23T12:38:40Z,3,24,Closed (obligations met),0.007730,599.06,LO-KE-018
615448378,B8984606,RW,Kigeme,Individual,RWF,205000,2026-06-19T06:42:43Z,9,20,Active,,,LO-RW-003
139163852,B7991328,KE,Dadaab,Individual,KES,262000,2026-05-26T11:51:43Z,6,24,Active,113.98,2298.65,LO-KE-003
702329558,B5539938,RW,Mahama,Emergency,RWF,455000,2026-01-23T08:50:56Z,4,24,Active,1292.03,352.16,LO-RW-001
727754204,B1343884,RW,Kigali,Individual,RWF,650000,2026-06-26T12:02:14Z,12,20,Closed (obligations met),1463.24,444.22,LO-RW-027
553662351,B4909427,KE,Dadaab,Individual,KES,131500,2026-06-18T11:48:09Z,9,20,Closed,0.007637,1004.28,LO-KE-008
698439751,B2545905,ET,Melkadida,Group,ETB,49900.00,2026-01-02T11:41:08Z,9,20,Closed,137.87,361.94,LO-ET-015
615788336,B5806082,ET,Melkadida,Emergency,ETB,42500.00,2026-06-29T05:00:11Z,3,20,Closed (obligations met),137.87,308.26,LO-ET-010
344077056,B4442566,ET,Jijiga,Emergency,ETB,38700.00,2026-03-23T13:06:50Z,4,24,Active,167.86,230.55,LO-ET-011
646674677,B7662382,SS,Gorom,Emergency,SSP,2240000,2026-04-24T12:27:02Z,3,20,active,3925.23,570.67,LO-SS-008
613530944,B6984406,KE,Kakuma,Individual,KES,266500,2026-01-28T09:36:23Z,6,18,Active,129.06,2064.93,LO-KE-023
574049895,B4797734,SS,Juba,Individual,SSP,6120000,2026-01-05T07:12:45Z,9,24,ACTIVE,,,LO-SS-028
419664270,B2932750,TD,N'Djamena,Group,XAF,745000,2026-04-22T14:31:47Z,9,18,Active,495.93,1502.23,LO-TD-007
739048748,B6891992,KE,Dadaab,Group,KES,"31,000",2026-01-14T11:21:11Z,6,18,Active,113.98,271.98,LO-KE-017
330522218,B1846435,ET,Jijiga,Group,ETB,125700.00,2026-05-07T08:14:57Z,9,20,ACTIVE,137.87,911.73,LO-ET-017
256105096,B2490490,SS,Juba,Individual,SSP,4370000,2026-02-10T09:46:34Z,12,20,active,3925.23,1113.31,LO-SS-003
236605175,B6978128,RW,Kigali,Group,RWF,1790000,2026-04-03T10:17:15Z,9,18,Active,1292.03,1385.42,LO-RW-013
413004225,B2411723,KE,Kalobeyei,Group,KES,151000,2026-02-02T10:48:11Z,9,18,active,113.98,1324.79,LO-KE-025
772186444,B6072650,KE,Nairobi,Group,KES,212000,2026-06-01T05:41:33Z,6,20,Active,,,LO-KE-017
562712313,B8818530,ET,Jijiga,Group,ETB,58800.00,2026-03-04T11:04:15Z,6,24,ACTIVE,,,LO-ET-009
413583270,B8563907,KE,Nairobi,Emergency,KES,42500,2026-04-29T10:32:19Z,3,20,Closed (obligations met),0.007748,329.30,LO-KE-010
460556213,B9356419,RW,Kigali,Individual,RWF,580000,2026-05-29T11:15:30Z,9,20,active,1469.22,394.77,LO-RW-005
105615960,B7275854,KE,Kakuma,Group,Ksh,150000,2026-04-24T05:22:51Z,9,18,Active,128.88,1163.87,LO-KE-010
289040705,B2701966,ET,Addis Ababa,Individual,ETB,74900.00,2026-04-03T11:34:26Z,12,20,Closed (obligations met),137.87,543.27,LO-ET-004
420703646,B9723457,KE,Nairobi,Group,kes,111000,2026-03-25T07:37:36Z,6,20,Active,113.98,973.86,LO-KE-011
878728816,B7683933,RW,Mahama,Group,RWF,1865000,2026-05-15T12:09:31Z,6,20,Active,,,LO-RW-003
372612693,B9363348,RW,Kigali,Individual,RWF,2790000,2026-06-25T10:38:57Z,12,18,Closed,1465.14,1904.25,LO-RW-004
168748108,B2452791,KE,Dadaab,Group,KES,287500,2026-02-16T13:30:19Z,6,20,Active,128.81,2231.97,LO-KE-023
964999374,B1439006,SS,Juba,Group,SSP,3220000,2026-04-13T07:30:29Z,6,20,ACTIVE,3925.23,820.33,LO-SS-017
232893256,B2799401,KE,Nairobi,Emergency,KES,74000,2026-05-29T10:32:57Z,3,20,Active,113.98,649.24,LO-KE-021
286613517,B4857727,ET,Addis Ababa,Emergency,ETB,30200.00,2026-05-15T10:14:14Z,4,20,Closed,137.87,219.05,LO-ET-003
466584766,B9596676,TD,N'Djamena,Group,XAF,170000,2026-05-27T13:42:17Z,9,20,active,495.93,342.79,LO-TD-005
271217831,B7081664,TD,N'Djamena,Emergency,XAF,345000,2026-05-22T14:51:34Z,4,18,ACTIVE,495.93,695.66,LO-TD-028
902363855,B8778455,TD,N'Djamena,Individual,XAF,1140000,2026-01-26T15:57:16Z,6,18,Closed,549.58,2074.31,LO-TD-008
536892936,B9810693,TD,Abéché,Emergency,XAF,115000,2026-04-29T08:21:56Z,4,24,Closed (obligations met),521.34,220.59,LO-TD-002
193159245,B4648990,KE,Kalobeyei,Emergency,KES,39500,2026-03-16T12:41:27Z,3,20,active,113.98,346.55,LO-KE-003
117300459,B1631442,KE,Kakuma,Emergency,KES,65000,2026-02-16T10:12:34Z,4,18,Active,113.98,570.28,LO-KE-006
577107570,B8457896,ET,Jijiga,Group,ETB,140300.00,2026-05-26T09:48:51Z,6,24,Active,170.03,825.15,LO-ET-001
191035460,B1579418,ET,Melkadida,Group,ETB,17600.00,2026-03-06T13:56:15Z,6,20,Closed,167.92,104.81,LO-ET-020
772125604,B7634954,SS,Juba,Emergency,SSP,1070000,2026-01-02T07:43:47Z,4,18,ACTIVE,3925.23,272.60,LO-SS-020
823229281,B9385039,ET,Jijiga,Emergency,ETB,19500.00,2026-01-20T11:23:47Z,3,24,Active,,,LO-ET-023
248556384,B8457896,ET,Jijiga,Group,ETB,65000.00,2026-02-10T13:45:53Z,9,18,Active,,,LO-ET-021
847425828,B6687220,TD,N'Djamena,Individual,XAF,1165000,2026-02-19T14:12:35Z,9,24,Closed (obligations met),495.93,2349.12,LO-TD-022
286457718,B2426554,RW,Mahama,Emergency,RWF,320000,2026-06-19T13:26:50Z,4,24,Active,1292.03,247.67,LO-RW-023
763990240,B1090777,SS,Gorom,Individual,SSP,3910000,2026-03-25T14:05:54Z,12,18,Active,0.000194,760.21,LO-SS-019
589721030,B4834281,RW,Kigali,Individual,RWF,2345000,2026-02-12T13:16:46Z,6,24,Closed (obligations met),1292.03,1814.97,LO-RW-028
183792384,B8319073,SS,Gorom,Individual,SSP,2090000,2026-01-16T08:36:44Z,6,20,Active,3925.23,532.45,LO-SS-008
313651608,B1742288,RW,Kigeme,Group,RWF,410000,2026-05-08T11:09:21Z,9,24,Closed (obligations met),1484.28,276.23,LO-RW-021
632019231,B5611106,RW,Kigali,Group,RWF,1685000,2026-05-15T14:05:27Z,6,20,ACTIVE,1292.03,1304.15,LO-RW-007
320221411,B4111541,SS,Juba,Emergency,SSP,1820000,2026-04-14T06:30:07Z,4,20,active,3925.23,463.67,LO-SS-005
205182098,B4436229,TD,Abéché,Group,XAF,100000,2026-03-18T09:15:05Z,9,24,active,,,LO-TD-027
411152330,B7801644,ET,Addis Ababa,Group,ETB,132900.00,2026-03-04T10:10:07Z,9,18,Active,137.87,963.95,LO-ET-016
462846197,B2117286,SS,Gorom,Individual,SSP,2050000,2026-06-03T14:25:09Z,12,18,Closed (obligations met),3925.23,522.26,LO-SS-003
378822441,B7125664,KE,Kakuma,Group,KES,153500,2026-06-12T05:26:02Z,9,18,Closed,0.007648,1174.00,LO-KE-028
340591133,B4722310,SS,Gorom,Emergency,SSP,1890000,2026-04-29T08:17:27Z,4,20,Active,3925.23,481.50,LO-SS-005
217872687,B9421641,RW,Mahama,Emergency,RWF,725000,2026-05-11T06:44:25Z,4,24,ACTIVE,1292.03,561.13,LO-RW-022
917981391,B2423039,KE,Kalobeyei,Group,KES,274000,2026-03-25T13:03:16Z,6,18,Active,,,LO-KE-022
215736398,B4277621,TD,Farchana,Individual,XAF,1330000,2026-05-22T09:15:19Z,9,18,Closed (obligations met),495.93,2681.83,LO-TD-017
620563765,B6228042,SS,Gorom,Group,SSP,5300000,2026-04-16T10:18:28Z,9,20,Closed,3925.23,1350.24,LO-SS-022
649445880,B4053815,RW,Kigali,Emergency,RWF,605000,2026-05-29T13:03:39Z,4,18,Active,,,LO-RW-001
299691198,B1950461,KE,Kakuma,Individual,KES,249000,2026-04-07T07:54:36Z,6,24,active,,,LO-KE-028
418786636,B6900535,SS,Juba,Emergency,SSP,1740000,2026-06-08T11:29:14Z,3,18,Closed,0.000164,285.65,LO-SS-004
581159355,B5805987,KE,Kakuma,Emergency,kes,72000,2026-02-27T11:47:35Z,4,24,Active,,,LO-KE-015
451628028,B4627499,RW,Kigali,Individual,RWF,2240000,2026-03-16T11:39:53Z,12,20,Active,1453.73,1540.86,LO-RW-001
849499956,B7071396,ET,Melkadida,Emergency,ETB,15700.00,2026-04-17T13:46:05Z,4,18,Closed (obligations met),137.87,113.88,LO-ET-013
286478579,B1030380,TD,Farchana,Emergency,XAF,115000,2026-01-27T11:33:02Z,4,24,Active,547.93,209.88,LO-TD-002
397156137,B7240752,SS,Juba,Group,SSP,4800000,2026-05-22T12:07:21Z,9,18,Active,3925.23,1222.86,LO-SS-010
932753965,B9274693,ET,Melkadida,Group,ETB,60500.00,2026-01-02T11:24:40Z,9,20,active,137.87,438.82,LO-ET-030
985721093,B6050250,KE,Kalobeyei,Group,KES,88000,2026-05-04T08:05:28Z,6,18,Closed (obligations met),113.98,772.07,LO-KE-030
943172523,B6386324,KE,Nairobi,Group,KES,290500,2026-01-01T10:31:53Z,9,24,ACTIVE,130.38,2228.10,LO-KE-001
801684588,B7378074,ET,Addis Ababa,Individual,ETB,126700.00,2026-05-29T05:24:15Z,12,18,active,137.87,918.98,LO-ET-010
519370419,B2010319,SS,Juba,Group,SSP,3070000,2026-02-26T14:10:42Z,9,24,ACTIVE,3925.23,782.12,LO-SS-018
325850782,B7498132,ET,Melkadida,Group,ETB,137400.00,2026-04-20T13:22:35Z,6,18,active,0.006129,842.17,LO-ET-018
489124720,B9564152,TD,Abéché,Individual,XAF,160000,2026-02-26T13:40:22Z,6,24,Closed,495.93,322.63,LO-TD-018
346158502,B6137898,RW,Mahama,Individual,RWF,1135000,2026-04-16T08:39:08Z,6,20,Closed,,,LO-RW-012
678590332,B5395262,SS,Juba,Emergency,SSP,2360000,2026-02-13T10:40:49Z,4,20,Closed (obligations met),5043.5,467.93,LO-SS-016
558541586,B2701966,ET,Addis Ababa,Group,ETB,27100.00,2026-01-09T05:20:05Z,9,18,Closed,,,LO-ET-005
838503438,B1386505,KE,Nairobi,Group,KES,274000,2026-04-28T09:00:09Z,6,24,Active,129.3,2119.10,LO-KE-018
598032970,B1367899,RW,Mahama,Group,RWF,1445000,2026-06-12T13:28:11Z,6,18,Active,,,LO-RW-026
768726124,B9037555,KE,Nairobi,Individual,KES,35000,2026-06-11T07:13:58Z,9,18,ACTIVE,113.98,307.07,LO-KE-021
183032352,B2127570,TD,Farchana,Group,XAF,1430000,2026-05-07T13:50:34Z,9,24,Active,495.93,2883.47,LO-TD-019
993933735,B1126282,KE,Kakuma,Group,kes,243500,2026-04-22T11:33:44Z,9,24,active,,,LO-KE-008
294002279,B5174873,SS,Gorom,Individual,ssp,7170000,2026-06-03T13:58:18Z,12,18,Active,,,LO-SS-017
496887430,B9966006,TD,N'Djamena,Emergency,XAF,155000,2026-01-15T11:45:46Z,4,18,Closed (obligations met),495.93,312.54,LO-TD-006
253443516,B7335885,SS,Juba,Emergency,SSP,2370000,2026-01-16T14:13:36Z,3,20,Active,3925.23,603.79,LO-SS-029
946621609,B2949943,TD,Farchana,Group,XAF,390000,2026-03-20T15:36:54Z,9,20,Active,495.93,786.40,LO-TD-030
421364248,B9518454,RW,Mahama,Emergency,RWF,"290,000",2026-04-06T06:59:53Z,3,20,Active,,,LO-RW-026
369169259,B5467494,TD,Abéché,Individual,XAF,995000,2026-03-30T15:48:32Z,9,24,Closed,,,LO-TD-008
857476053,B1386505,KE,Nairobi,Emergency,KES,30500,2026-01-21T12:49:58Z,3,24,active,0.007727,235.67,LO-KE-022
298098448,B6969785,SS,Juba,Group,SSP,2210000,2026-04-03T11:33:34Z,9,24,Closed (obligations met),5357.2,412.53,LO-SS-018
156866946,B1807859,RW,Kigeme,Emergency,RWF,545000,2026-06-15T14:24:42Z,3,24,active,0.000684,372.68,LO-RW-019
772679140,B1194109,KE,Kakuma,Emergency,KES,55000,2026-01-26T08:21:52+03:00,3,20,active,113.98,482.54,LO-KE-017
494520739,B1073234,SS,Gorom,Group,SSP,5760000,2026-02-06T08:25:06Z,9,20,Closed (obligations met),5026.5,1145.93,LO-SS-025
662528851,B3741682,TD,Farchana,Individual,XAF,1395000,2026-06-10T07:09:04Z,6,24,Closed (obligations met),523.06,2667.00,LO-TD-001
298417155,B3961197,KE,Nairobi,Group,KES,207500,2026-01-13T09:27:42Z,6,20,active,113.98,1820.49,LO-KE-020
629248022,B1149872,RW,Kigeme,Group,RWF,2295000,2026-06-17T10:57:29Z,9,18,ACTIVE,1292.03,1776.27,LO-RW-006
365307594,B8617772,RW,Kigali,Individual,RWF,2575000,2026-06-04T10:09:33Z,9,18,Active,1292.03,1992.99,LO-RW-006
583401644,B8639445,TD,Abéché,Emergency,XAF,195000,2026-03-27T08:34:34Z,3,20,ACTIVE,,,LO-TD-028
521335238,B2221587,KE,Nairobi,Group,KES,191000,2026-06-25T07:04:41Z,9,24,Active,0.007640,1459.24,LO-KE-005
488252664,B8867909,TD,N'Djamena,Individual,XAF,1105000,2026-02-10T13:09:13Z,6,24,Active,545.08,2027.23,LO-TD-007
361580969,B9474154,TD,N'Djamena,Emergency,XAF,165000,2026-02-17T08:01:54Z,4,20,Closed,495.93,332.71,LO-TD-008
508155602,B2258304,RW,Kigeme,Group,RWF,2950000,2026-02-18T11:48:41Z,9,20,Active,1292.03,2283.23,LO-RW-003
581542805,B5552929,ET,Melkadida,Group,ETB,47400.00,2026-01-01T05:26:04Z,6,20,Active,159.04,298.04,LO-ET-009
743626860,B2296854,TD,Abéché,Individual,XAF,270000,2026-03-13T13:57:01Z,12,20,Closed,495.93,544.43,LO-TD-025
495608363,B1044677,RW,Kigeme,Group,RWF,2830000,2026-05-01T12:43:41Z,6,24,Active,,,LO-RW-010
487743281,B1909574,ET,Melkadida,Group,ETB,93700.00,2026-03-27T07:54:07Z,9,18,Closed (obligations met),,,LO-ET-011
742376294,B4832654,TD,Abéché,Group,XAF,1155000,2026-01-16T07:39:36Z,9,18,Closed (obligations met),495.93,2328.96,LO-TD-022
895709321,B4491083,ET,Jijiga,Group,ETB,111600.00,2026-06-19T06:10:37Z,9,24,ACTIVE,137.87,809.46,LO-ET-026
170053145,B7425183,TD,Farchana,Group,XAF,240000,2026-05-04T11:30:11Z,6,24,Closed (obligations met),,,LO-TD-020
141973137,B8864355,TD,Abéché,Group,XAF,420000,2026-03-18T08:44:11Z,9,18,Active,495.93,846.89,LO-TD-019
673663161,B2791942,ET,Addis Ababa,Emergency,ETB,11200.00,2026-06-18T11:56:43Z,4,20,Active,0.005740,64.29,LO-ET-023
799571535,B7852060,TD,N'Djamena,Individual,XAF,130000,2026-03-18T07:05:37Z,12,20,Active,534.45,243.24,LO-TD-011
738586459,B4574301,KE,Dadaab,Emergency,KES,28500,2026-02-20T08:32:34Z,4,18,Active,113.98,250.04,LO-KE-012
275817951,B6543945,TD,Farchana,Emergency,XAF,205000,2026-06-18T09:39:38Z,3,20,Active,,,LO-TD-008
738236822,B4251214,TD,Farchana,Individual,XAF,1400000,2026-06-19T11:03:03+01:00,12,24,active,495.93,2822.98,LO-TD-002
615798775,B3537077,ET,Jijiga,Group,ETB,109500.00,2026-06-05T13:25:40Z,6,18,Closed (obligations met),137.87,794.23,LO-ET-030
187465874,B5289358,SS,Gorom,Emergency,SSP,1190000,2026-01-22T12:50:51Z,3,24,Closed (obligations met),0.000201,239.63,LO-SS-010
213129616,B6844270,RW,Mahama,Individual,RWF,2050000,2026-02-18T09:57:28Z,6,18,Active,,,LO-RW-003
900138702,B8644221,ET,Melkadida,Emergency,ETB,32500.00,2026-06-26T12:05:46Z,3,24,active,137.87,235.73,LO-ET-011
312988665,B5258594,RW,Kigeme,Emergency,RWF,490000,2026-03-17T12:31:02Z,4,24,active,1292.03,379.25,LO-RW-022
264469978,B6354656,RW,Kigali,Emergency,RWF,560000,2026-03-02T13:51:57Z,3,20,Active,1292.03,433.43,LO-RW-016
471918215,B4234805,TD,Farchana,Emergency,XAF,120000,2026-03-06T09:08:49Z,3,24,Closed,541.99,221.41,LO-TD-020
159463025,B5428241,KE,Nairobi,Group,KES,94500,2026-02-13T09:46:04Z,6,24,Closed,,,LO-KE-009
688751832,B4040057,ET,Melkadida,Emergency,etb,22800.00,2026-02-24T12:21:20Z,3,20,ACTIVE,137.87,165.37,LO-ET-028
949933998,B2671008,KE,Dadaab,Group,KES,"215,500",2026-05-12T14:39:25+03:00,6,24,Closed,113.98,1890.68,LO-KE-013
109030702,B2783062,TD,Abéché,Emergency,XAF,175000,2026-03-20T07:29:40Z,3,24,active,,,LO-TD-015
956717839,B8266095,RW,Mahama,Group,RWF,330000,2026-03-26T09:02:05Z,6,24,Active,1292.03,255.41,LO-RW-013
457166583,B3660732,SS,Gorom,Group,SSP,6420000,2026-04-09T13:50:20Z,9,24,Active,5470.1,1173.65,LO-SS-005
