country,month,currency,loans_disbursed_count,loans_disbursed_amount,repayments_count,repayments_amount
Kenya,2026-01,KES,28,3428000,1,38088
Kenya,2026-02,KES,29,3992000,25,522773
Kenya,2026-03,KES,25,3846000,62,1354719
Kenya,2026-04,KES,28,3591000,79,1861396
Kenya,2026-05,KES,27,2923500,108,2516843
Kenya,2026-06,KES,28,3896500,113,2573123
Kenya,2026-07,KES,0,0,137,3256778
Rwanda,2026-01,RWF,24,29140000,0,0
Rwanda,2026-02,RWF,29,44510000,24,5000555
Rwanda,2026-03,RWF,26,31290000,55,11988075
Rwanda,2026-04,RWF,22,28300000,75,16116930
Rwanda,2026-05,RWF,29,31370000,100,20591872
Rwanda,2026-06,RWF,29,36975000,113,23783805
Rwanda,2026-07,RWF,0,0,132,27621000
Ethiopia,2026-01,ETB,26,1455900.00,1,2849.44
Ethiopia,2026-02,ETB,21,1532900.00,24,218048.61
Ethiopia,2026-03,ETB,26,1789100.00,48,535304.88
Ethiopia,2026-04,ETB,25,1787100.00,66,760317.26
Ethiopia,2026-05,ETB,29,1603400.00,90,1008113.51
Ethiopia,2026-06,ETB,29,2020100.00,105,1207170.98
Ethiopia,2026-07,ETB,0,0.00,126,1409428.04
South Sudan,2026-01,SSP,32,111580000,0,0
South Sudan,2026-02,SSP,22,72310000,30,16998049
South Sudan,2026-03,SSP,19,58420000,55,29707723
South Sudan,2026-04,SSP,33,96890000,70,37755204
South Sudan,2026-05,SSP,32,97000000,109,60118432
South Sudan,2026-06,SSP,24,85100000,117,62761273
South Sudan,2026-07,SSP,0,0,131,71488862
Chad,2026-01,XAF,27,16245000,0,0
Chad,2026-02,XAF,27,14730000,28,2748556
Chad,2026-03,XAF,28,17140000,52,5190781
Chad,2026-04,XAF,26,16250000,77,7258905
Chad,2026-05,XAF,29,16640000,101,9726988
Chad,2026-06,XAF,32,22365000,121,11814586
Chad,2026-07,XAF,0,0,136,14008201
