txn_id,loan_id,paid_at,amount_paid,currency,channel,agent_code,reversal_of
TX5455009684,250985202,2026-07-29T22:21:00Z,885.00,ETB,telebirr,,
TX6942567978,980383599,2026-07-29T22:34:25Z,13800,KES,M-Pesa,AG4041,
TX7871453702,976031595,2026-07-30T05:44:12Z,544111,SSP,Bank,,
TX4564927218,863810049,2026-07-30T06:05:21Z,9313.33,ETB,Telebirr,,
TX8426816994,579169693,2026-07-30T06:13:49Z,89156,XAF,Airtel Money,AG3846,
TX5033517066,361316638,2026-07-30T07:22:07Z,251083,RWF,MoMo,AG8881,
TX2142596645,463877738,2026-07-30T08:29:55Z,214667,XAF,Moov Money,AG8763,
TX9203647999,633075408,2026-07-30T11:31:03+02:00,395500,SSP,Bank,,
TX6131354641,115481773,2026-07-30T09:49:53Z,90667,RWF,MoMo,AG7499,
TX4841891807,691803136,2026-07-30T09:52:34Z,223450,XAF,Airtel Money,AG3655,
TX7732208498,181165253,2026-07-30T10:08:07Z,620156,SSP,Cash,,
TX8351335052,844102233,2026-07-30T10:29:40Z,212483,rwf,Airtel Money,AG6447,
TX9986635417,726640557,2026-07-30T11:02:47Z,4372.50,ETB,telebirr,,
TX5413066389,401566999,2026-07-30T11:03:16Z,23867,KES,M-Pesa,AG7670,
TX5794993935,998591232,2026-07-30T11:26:34Z,83256,RWF,Cash,,
TX6611190173,475770569,2026-07-30T11:30:53Z,54767,XAF,Cash,,
TX2047334218,880668270,2026-07-30T11:54:14Z,838133,SSP,Bank,,
TX6973514599,947754607,2026-07-30T12:13:54Z,12075.00,ETB,CBE Birr,,
TX6112640534,519370419,2026-07-30T12:46:22Z,402511,SSP,m-Gurush,AG2539,
TX6746265477,228992768,2026-07-30T12:59:24Z,47052,KES,MPESA,AG8688,
TX4553152330,500145514,2026-07-30T13:02:35Z,33761,KES,M-Pesa,AG8802,
TX5285525440,799537650,2026-07-30T13:04:41Z,6692,KES,M-Pesa,AG6836,
TX8038608098,239706898,2026-07-30T13:19:19Z,160233,RWF,Airtel Money,AG2645,
TX3633876387,744829152,2026-07-30T14:46:19Z,196200,XAF,Airtel Money,AG7348,
TX5385211165,169884523,2026-07-30T15:42:14Z,635889,SSP,Cash,,
TX2326575373,495608363,2026-07-30T16:13:51Z,528267,RWF,Cash,,
TX2254953305,466584766,2026-07-30T16:24:57Z,18354,XAF,Cash,,
