applicant_name,phone,country,location,screened_on,decision,decline_reason,screened_by
Ismail Mohamed,251713694047,Ethiopia,Melkadida,28/10/2024,Not qualified,Existing debt with another lender,INV-ET-08
Ousmane Brahim,23590490217.0,Chad,Farchana,20/09/2024,Declined,Incomplete documents,INV-TD-03
Abdi Noor,0738235953,Ethiopia,Jijiga,23/06/2024,Declined,Could not reach by phone,INV-ET-04
Deqa Noor,254706467481.0,Kenya,Kalobeyei,01/06/2024,declined,Incomplete documents,INV-KE-04
Nyabol Gatdet,211989119380.0,South Sudan,Gorom,17/04/2025,Declined,Could not reach by phone,INV-SS-05
abuk ladu,211911628107,South Sudan,Juba,17/12/2024,declined,Guarantor not available,INV-SS-12
Marie Niyonzima,0790007549,Rwanda,Mahama,23/07/2025,Declined,No business premises,INV-RW-07
Halima Yusuf,254742590207.0,Kenya,Nairobi,12/04/2025,Not qualified,Existing debt with another lender,INV-KE-03
Mary Malual,211917594582.0,South Sudan,Juba,27/12/2025,declined,Relocated before appraisal,INV-SS-11
 Omar Abdi,0114138350,Kenya,Kalobeyei,16/09/2024,Not qualified,Business less than 3 months old,INV-KE-01
Chantal Uwimana,250791552692.0,Rwanda,Kigeme,12/08/2025,Declined,Incomplete documents,INV-RW-04
Deng Majok,254793592388.0,Kenya,Nairobi,03/05/2025,declined,Incomplete documents,INV-KE-09
Deng Riek,0913481730,South Sudan,Gorom,04/08/2024,declined,No business premises,INV-SS-08
Mariam Idriss,23565968066,Chad,Farchana,15/08/2024,declined,Guarantor not available,INV-TD-01
ESPERANCE NIZIGIYIMANA,250721799400.0,Rwanda,Mahama,23/01/2026,Not qualified,No business premises,INV-RW-02
Nakiru Otieno,0719 022 270,Kenya,Dadaab,21/06/2025,declined,Incomplete documents,INV-KE-06
Lokiru Lual,0916294800,South Sudan,Juba,19/02/2025,Not qualified,Business less than 3 months old,INV-SS-08
Solange Bizimana,250736370070.0,Rwanda,Kigeme,27/09/2025,Not qualified,Incomplete documents,INV-RW-01
John Malual,+251940449226,Ethiopia,Jijiga,18/05/2025,declined,No business premises,INV-ET-01
Lokiru Deng,211915328118.0,South Sudan,Gorom,11/04/2024,declined,Business less than 3 months old,INV-SS-10
Peter Deng,+211 922991887,South Sudan,Gorom,06/10/2024,Not qualified,Guarantor not available,INV-SS-12
Chol Ladu,0930 552 898,Ethiopia,Melkadida,23/03/2025,declined,Could not reach by phone,INV-ET-02
Sahra Farah,254735912506,Kenya,Nairobi,21/09/2025,declined,Business less than 3 months old,INV-KE-01
Emmanuel Nizigiyimana,250733369586.0,Rwanda,Kigali,26/11/2025,Declined,Existing debt with another lender,INV-RW-12
Innocent Mukamana,254112791637.0,Kenya,Dadaab,11/11/2024,Declined,Existing debt with another lender,INV-KE-05
Awut Riek,211988065190.0,South Sudan,Gorom,03/10/2025,Declined,No business premises,INV-SS-12
Mwikali Otieno,+254-114-681-054,Kenya,Kalobeyei,14/05/2025,declined,Existing debt with another lender,INV-KE-01
Awut Lado,+211925522614,South Sudan,Juba,28/08/2024,Declined,Incomplete documents,INV-SS-06
Abakar Haroun,066443476,Chad,N'Djamena,14/06/2024,Declined,Relocated before appraisal,INV-TD-05
ACHOL LADU,+254 119605576,Kenya,Kakuma,05/03/2025,declined,Could not reach by phone,INV-KE-09
Ousmane Mahamat,+23567644121,Chad,N'Djamena,02/10/2025,Declined,Could not reach by phone,INV-TD-09
Fiston Uwase,250780602023.0,Rwanda,Mahama,24/07/2024,declined,Guarantor not available,INV-RW-01
CHOL LADO,+211911618029,South Sudan,Juba,20/08/2025,Not qualified,Incomplete documents,INV-SS-06
Aden Mohamed,254118628961.0,Kenya,Kalobeyei,15/03/2024,declined,Business less than 3 months old,INV-KE-09
Maryan Noor,933280072,Ethiopia,Addis Ababa,13/02/2025,Not qualified,Incomplete documents,INV-ET-11
Tadesse Haile,251953118322.0,Ethiopia,Melkadida,04/06/2024,Not qualified,Could not reach by phone,INV-ET-03
Garang Gatdet,0925745352,South Sudan,Gorom,04/08/2024,declined,Incomplete documents,INV-SS-06
Nyakuoth Majok,0985363420,South Sudan,Gorom,20/07/2025,declined,Existing debt with another lender,INV-SS-11
Khadija Hussein,+251 732945545,Ethiopia,Addis Ababa,25/02/2025,Not qualified,Incomplete documents,INV-ET-09
Tesfaye Wolde,+251973008401,Ethiopia,Addis Ababa,07/06/2024,Not qualified,No business premises,INV-ET-08
Deng Deng,254777999170,Kenya,Nairobi,28/03/2024,Not qualified,Existing debt with another lender,INV-KE-02
Rebecca Akech,211914801823.0,South Sudan,Gorom,24/03/2024,Declined,Business less than 3 months old,INV-SS-01
Asha Hussein,251739663614.0,Ethiopia,Addis Ababa,17/08/2024,Not qualified,Could not reach by phone,INV-ET-09
AMINA ABDELKERIM,23568351061.0,Chad,Abéché,08/12/2024,Not qualified,Could not reach by phone,INV-TD-10
Wanjiru Lomuria,254710950164.0,Kenya,Kalobeyei,11/05/2024,Declined,Incomplete documents,INV-KE-07
Makuei Lual,251753231680.0,Ethiopia,Addis Ababa,16/05/2025,Declined,Relocated before appraisal,INV-ET-09
Awut Garang,211929954932,South Sudan,Juba,10/10/2024,Not qualified,Business less than 3 months old,INV-SS-05
Halima Aden,254112666957.0,Kenya,Kakuma,31/10/2024,Not qualified,Could not reach by phone,INV-KE-05
OUSMANE ABAKAR,0937 342 58,Chad,N'Djamena,09/12/2025,Not qualified,Business less than 3 months old,INV-TD-04
awut lado,211987433165.0,South Sudan,Gorom,01/06/2025,Not qualified,No business premises,INV-SS-09
Esperance Nizigiyimana,250785936206.0,Rwanda,Kigeme,24/09/2024,Not qualified,Incomplete documents,INV-RW-10
Halime Idriss,064933498,Chad,N'Djamena,10/01/2025,declined,Incomplete documents,INV-TD-03
Majok Wani,211927320104.0,South Sudan,Gorom,10/06/2025,Not qualified,Business less than 3 months old,INV-SS-06
Haroun Idriss,23596015263,Chad,N'Djamena,29/04/2024,declined,Incomplete documents,INV-TD-08
Genet Girma,0766495400,Ethiopia,Jijiga,29/08/2025,Not qualified,Incomplete documents,INV-ET-06
Farah Mohamed,251733870932.0,Ethiopia,Jijiga,22/09/2025,Not qualified,Business less than 3 months old,INV-ET-09
Tigist Alemu,251747543419.0,Ethiopia,Melkadida,11/12/2025,Not qualified,No business premises,INV-ET-02
Gatluak Gatdet,254118038379.0,Kenya,Dadaab,20/05/2024,Declined,Incomplete documents,INV-KE-11
Deng Majok,211915631160.0,South Sudan,Juba,23/05/2025,Not qualified,Existing debt with another lender,INV-SS-10
Adoum Djibrine,23599138790.0,Chad,Abéché,10/10/2025,Not qualified,Business less than 3 months old,INV-TD-03
Mary Lual,0916738596,South Sudan,Juba,25/05/2024,Declined,Could not reach by phone,INV-SS-06
Maryan Ali,+254737979625,Kenya,Kakuma,22/09/2025,declined,Relocated before appraisal,INV-KE-06
Hassan Omar,+254777020860,Kenya,Kalobeyei,10/07/2025,declined,Business less than 3 months old,INV-KE-04
Ousmane Adoum,0957 837 61,Chad,N'Djamena,02/10/2025,Not qualified,Could not reach by phone,INV-TD-09
patrick uwimana,250738344621.0,Rwanda,Mahama,21/10/2025,Not qualified,Could not reach by phone,INV-RW-02
SOULEYMANE ABAKAR,065508301,Chad,Abéché,22/04/2024,Not qualified,No business premises,INV-TD-05
Emmanuel Niyonzima,250783635844.0,Rwanda,Kigeme,28/01/2025,Not qualified,Could not reach by phone,INV-RW-05
Rebecca Wani,251981021824.0,Ethiopia,Addis Ababa,11/08/2025,Not qualified,Guarantor not available,INV-ET-08
 sahra mohamed,+251-727-895-536,Ethiopia,Addis Ababa,14/03/2025,declined,Relocated before appraisal,INV-ET-11
Nyabol Lual,211919573560.0,South Sudan,Juba,31/03/2025,Not qualified,No business premises,INV-SS-02
Aden Ali,251722326925.0,Ethiopia,Addis Ababa,19/09/2025,Declined,Incomplete documents,INV-ET-03
Ali Aden,254711849136.0,Kenya,Dadaab,09/05/2024,Declined,Existing debt with another lender,INV-KE-04
Josiane Uwase,+250739859985,Rwanda,Mahama,01/08/2025,Declined,Incomplete documents,INV-RW-09
YUSUF YUSUF,251945893357,Ethiopia,Addis Ababa,01/05/2025,Declined,No business premises,INV-ET-08
Ahmed Aden,254119590024.0,Kenya,Dadaab,03/10/2025,declined,Guarantor not available,INV-KE-02
Solange Nizigiyimana,250720573699.0,Rwanda,Kigeme,04/07/2025,Declined,Guarantor not available,INV-RW-03
Mary Riek,0739638119,Kenya,Nairobi,08/06/2025,Not qualified,Incomplete documents,INV-KE-09
yusuf abdi,+254118881391,Kenya,Nairobi,16/07/2024,declined,Relocated before appraisal,INV-KE-06
Farah Abdi,251929443283.0,Ethiopia,Melkadida,07/03/2025,Declined,Could not reach by phone,INV-ET-12
Ladu Lual,+211920991047,South Sudan,Gorom,30/01/2026,Not qualified,Could not reach by phone,INV-SS-08
Souleymane Idriss,095140210,Chad,N'Djamena,02/04/2024,Declined,Guarantor not available,INV-TD-08
John Riek,0911840620,South Sudan,Gorom,17/09/2025,Declined,Incomplete documents,INV-SS-01
Zara Youssouf,23594401726.0,Chad,Farchana,21/02/2025,declined,Business less than 3 months old,INV-TD-08
John Garang,+254751093350,Kenya,Nairobi,13/11/2024,Declined,Could not reach by phone,INV-KE-02
Abdi Hassan,254709478915.0,Kenya,Dadaab,25/08/2024,declined,Could not reach by phone,INV-KE-03
Omar Ali,0114518598,Kenya,Nairobi,02/09/2025,declined,Incomplete documents,INV-KE-01
Abebe Tesfaye,0742 371 250,Ethiopia,Addis Ababa,20/07/2024,Not qualified,Guarantor not available,INV-ET-12
Ismail Osman,251794413016.0,Ethiopia,Addis Ababa,09/12/2024,Declined,No business premises,INV-ET-07
 Ousmane Youssouf,23565670803.0,Chad,Abéché,11/05/2024,Not qualified,Relocated before appraisal,INV-TD-05
Peter Malual,254790797780,Kenya,Kalobeyei,23/04/2024,Not qualified,Incomplete documents,INV-KE-02
GARANG KUOL,254791454767.0,Kenya,Nairobi,15/07/2025,Not qualified,Guarantor not available,INV-KE-02
Claudine Hakizimana,250725620636,Rwanda,Kigali,03/09/2024,Not qualified,Existing debt with another lender,INV-RW-07
Zenaba Idriss,23598044959.0,Chad,N'Djamena,03/12/2024,declined,Incomplete documents,INV-TD-02
Haroun Abakar,23594478350.0,Chad,Abéché,01/12/2024,declined,Incomplete documents,INV-TD-08
Aline Nshimiyimana,254721032251.0,Kenya,Nairobi,13/01/2026,declined,Could not reach by phone,INV-KE-05
Lokiru Malual,211918473160.0,South Sudan,Gorom,06/08/2024,Declined,Could not reach by phone,INV-SS-01
SOULEYMANE ABAKAR,0984 037 74,Chad,Abéché,16/03/2025,declined,Incomplete documents,INV-TD-03
Aché Brahim,23597226408.0,Chad,N'Djamena,19/06/2024,Declined,Relocated before appraisal,INV-TD-10
Pacifique Uwimana,+250727523764,Rwanda,Kigali,26/07/2025,Not qualified,Guarantor not available,INV-RW-06
makuei  deng,254795070740.0,Kenya,Nairobi,08/11/2025,Declined,Guarantor not available,INV-KE-10
Ahmed Farah,251904382968.0,Ethiopia,Jijiga,01/07/2024,Declined,Incomplete documents,INV-ET-04
Farah Hassan,254114731686.0,Kenya,Kalobeyei,06/04/2024,declined,Guarantor not available,INV-KE-02
Mutua Mutua,254115157727.0,Kenya,Nairobi,03/08/2024,Declined,Guarantor not available,INV-KE-12
OLIVIER BIZIMANA,+250 721288327,Rwanda,Mahama,27/12/2024,Not qualified,Relocated before appraisal,INV-RW-05
Maryan Abdi,0114113936,Kenya,Kalobeyei,02/08/2024,declined,Business less than 3 months old,INV-KE-05
Gatluak Deng,211927322398.0,South Sudan,Juba,01/07/2024,Not qualified,Could not reach by phone,INV-SS-11
Akuol Lado,251719869306.0,Ethiopia,Jijiga,03/06/2025,declined,No business premises,INV-ET-02
Ousmane Brahim,23592986023.0,Chad,N'Djamena,16/06/2024,Not qualified,Business less than 3 months old,INV-TD-09
Brahim Ahmat,23590561497.0,Chad,Abéché,14/11/2024,Declined,Business less than 3 months old,INV-TD-10
Genet Tadesse,251765913784.0,Ethiopia,Addis Ababa,23/11/2025,Not qualified,Relocated before appraisal,INV-ET-10
